source,target,label,compound_out_degree,compound_in_degree,disease_out_degree,disease_in_degree
Compound::DB00997,Disease::DOID:363,1,1064,2,144,15
Compound::DB00206,Disease::DOID:10763,1,210,5,699,73
Compound::DB00960,Disease::DOID:10763,1,193,6,699,73
Compound::DB00665,Disease::DOID:10283,1,95,4,660,32
Compound::DB00290,Disease::DOID:2998,1,114,0,60,24
Compound::DB01232,Disease::DOID:635,1,412,4,591,14
Compound::DB00555,Disease::DOID:1826,1,387,3,506,25
Compound::DB00444,Disease::DOID:2531,1,584,1,1076,53
Compound::DB00860,Disease::DOID:4481,1,189,18,87,20
Compound::DB00635,Disease::DOID:2531,1,311,10,1076,53
Compound::DB00985,Disease::DOID:4481,1,62,9,87,20
Compound::DB00808,Disease::DOID:10763,1,257,4,699,73
Compound::DB01244,Disease::DOID:10763,1,105,3,699,73
Compound::DB00888,Disease::DOID:2531,1,51,2,1076,53
Compound::DB00591,Disease::DOID:3310,1,216,24,106,21
Compound::DB00530,Disease::DOID:1324,1,331,1,713,23
Compound::DB00191,Disease::DOID:9970,1,74,9,544,14
Compound::DB00620,Disease::DOID:8577,1,262,31,666,24
Compound::DB00853,Disease::DOID:3070,1,255,1,294,4
Compound::DB00654,Disease::DOID:1686,1,74,3,178,25
Compound::DB00783,Disease::DOID:10283,1,697,7,660,32
Compound::DB08881,Disease::DOID:4159,1,544,4,154,19
Compound::DB00563,Disease::DOID:9074,1,517,3,227,28
Compound::DB00741,Disease::DOID:4481,1,319,2,87,20
Compound::DB00773,Disease::DOID:1192,1,386,3,207,23
Compound::DB00993,Disease::DOID:418,1,138,4,614,32
Compound::DB01275,Disease::DOID:10763,1,95,1,699,73
Compound::DB01101,Disease::DOID:10534,1,496,1,358,22
Compound::DB00401,Disease::DOID:10763,1,193,5,699,73
Compound::DB00563,Disease::DOID:1324,1,517,3,713,23
Compound::DB00222,Disease::DOID:9352,1,133,6,328,30
Compound::DB00290,Disease::DOID:1909,1,114,0,931,13
Compound::DB01280,Disease::DOID:2531,1,157,13,1076,53
Compound::DB00455,Disease::DOID:3310,1,89,3,106,21
Compound::DB00860,Disease::DOID:3083,1,189,18,619,16
Compound::DB00244,Disease::DOID:8577,1,444,8,666,24
Compound::DB00250,Disease::DOID:12365,1,87,3,588,12
Compound::DB01023,Disease::DOID:10763,1,145,5,699,73
Compound::DB01047,Disease::DOID:3310,1,106,7,106,21
Compound::DB00635,Disease::DOID:2841,1,311,10,277,41
Compound::DB00541,Disease::DOID:2531,1,449,4,1076,53
Compound::DB00443,Disease::DOID:2531,1,657,12,1076,53
Compound::DB01234,Disease::DOID:9008,1,676,16,558,15
Compound::DB00688,Disease::DOID:418,1,647,0,614,32
Compound::DB00491,Disease::DOID:9352,1,30,1,328,30
Compound::DB00570,Disease::DOID:2998,1,593,1,60,24
Compound::DB00441,Disease::DOID:1793,1,714,2,695,21
Compound::DB00661,Disease::DOID:6364,1,189,4,167,32
Compound::DB00205,Disease::DOID:12365,1,74,1,588,12
Compound::DB00959,Disease::DOID:7147,1,260,26,246,19
Compound::DB00544,Disease::DOID:10534,1,208,2,358,22
Compound::DB01068,Disease::DOID:1826,1,330,7,506,25
Compound::DB01101,Disease::DOID:263,1,496,1,777,21
Compound::DB00488,Disease::DOID:2394,1,28,1,376,17
Compound::DB00970,Disease::DOID:263,1,590,0,777,21
Compound::DB00177,Disease::DOID:3393,1,130,2,595,40
Compound::DB00997,Disease::DOID:184,1,1064,2,255,6
Compound::DB00215,Disease::DOID:0050741,1,852,0,438,6
Compound::DB01394,Disease::DOID:13189,1,184,2,44,11
Compound::DB01320,Disease::DOID:1826,1,224,4,506,25
Compound::DB01181,Disease::DOID:2531,1,332,2,1076,53
Compound::DB01057,Disease::DOID:1686,1,17,1,178,25
Compound::DB00338,Disease::DOID:9206,1,328,2,539,2
Compound::DB00993,Disease::DOID:8577,1,138,4,666,24
Compound::DB00501,Disease::DOID:9970,1,107,1,544,14
Compound::DB00563,Disease::DOID:2377,1,517,3,283,34
Compound::DB00860,Disease::DOID:2531,1,189,18,1076,53
Compound::DB00795,Disease::DOID:8577,1,26,6,666,24
Compound::DB01075,Disease::DOID:4481,1,107,25,87,20
Compound::DB00261,Disease::DOID:2531,1,233,2,1076,53
Compound::DB00091,Disease::DOID:9074,1,861,2,227,28
Compound::DB00763,Disease::DOID:12361,1,51,1,74,2
Compound::DB01098,Disease::DOID:3393,1,133,0,595,40
Compound::DB01197,Disease::DOID:418,1,182,1,614,32
Compound::DB00970,Disease::DOID:4045,1,590,0,120,17
Compound::DB00399,Disease::DOID:11476,1,242,4,145,19
Compound::DB01029,Disease::DOID:10763,1,268,4,699,73
Compound::DB00631,Disease::DOID:2531,1,347,6,1076,53
Compound::DB00521,Disease::DOID:1686,1,55,5,178,25
Compound::DB01170,Disease::DOID:10763,1,3,0,699,73
Compound::DB00291,Disease::DOID:1612,1,135,2,1115,44
Compound::DB00642,Disease::DOID:1324,1,134,5,713,23
Compound::DB00641,Disease::DOID:3393,1,572,2,595,40
Compound::DB00178,Disease::DOID:9744,1,225,2,209,5
Compound::DB00169,Disease::DOID:11476,1,18,8,145,19
Compound::DB01204,Disease::DOID:1612,1,694,1,1115,44
Compound::DB01045,Disease::DOID:1024,1,31,1,84,3
Compound::DB01101,Disease::DOID:1612,1,496,1,1115,44
Compound::DB00544,Disease::DOID:219,1,208,2,621,12
Compound::DB00635,Disease::DOID:10283,1,311,10,660,32
Compound::DB00563,Disease::DOID:1612,1,517,3,1115,44
Compound::DB01204,Disease::DOID:2377,1,694,1,283,34
Compound::DB01202,Disease::DOID:1826,1,212,1,506,25
Compound::DB08877,Disease::DOID:2531,1,229,1,1076,53
Compound::DB01120,Disease::DOID:9352,1,295,2,328,30
Compound::DB00523,Disease::DOID:1192,1,653,2,207,23
Compound::DB00851,Disease::DOID:1909,1,17,1,931,13
Compound::DB00270,Disease::DOID:10763,1,129,3,699,73
Compound::DB00226,Disease::DOID:10763,1,2,0,699,73
Compound::DB08828,Disease::DOID:4159,1,67,4,154,19
Compound::DB00982,Disease::DOID:1192,1,646,4,207,23
Compound::DB00937,Disease::DOID:9970,1,80,6,544,14
Compound::DB01177,Disease::DOID:1612,1,604,6,1115,44
Compound::DB00492,Disease::DOID:10763,1,271,5,699,73
Compound::DB00635,Disease::DOID:3310,1,311,10,106,21
Compound::DB00688,Disease::DOID:8893,1,647,0,647,29
Compound::DB00651,Disease::DOID:2841,1,41,2,277,41
Compound::DB00305,Disease::DOID:11054,1,570,1,169,18
Compound::DB00762,Disease::DOID:1793,1,671,2,695,21
Compound::DB00515,Disease::DOID:2994,1,202,1,324,13
Compound::DB01177,Disease::DOID:2531,1,604,6,1076,53
Compound::DB00973,Disease::DOID:1936,1,159,1,218,7
Compound::DB01410,Disease::DOID:2841,1,109,13,277,41
Compound::DB00224,Disease::DOID:635,1,258,4,591,14
Compound::DB00864,Disease::DOID:3310,1,601,3,106,21
Compound::DB00860,Disease::DOID:2841,1,189,18,277,41
Compound::DB00775,Disease::DOID:3393,1,36,1,595,40
Compound::DB00352,Disease::DOID:2531,1,37,1,1076,53
Compound::DB08881,Disease::DOID:1909,1,544,4,931,13
Compound::DB00445,Disease::DOID:10534,1,1036,3,358,22
Compound::DB00563,Disease::DOID:10534,1,517,3,358,22
Compound::DB00762,Disease::DOID:1324,1,671,2,713,23
Compound::DB00570,Disease::DOID:2531,1,593,1,1076,53
Compound::DB08868,Disease::DOID:2377,1,101,1,283,34
Compound::DB00997,Disease::DOID:1324,1,1064,2,713,23
Compound::DB00876,Disease::DOID:10763,1,151,1,699,73
Compound::DB00445,Disease::DOID:1793,1,1036,3,695,21
Compound::DB01583,Disease::DOID:1459,1,178,2,104,5
Compound::DB00441,Disease::DOID:2531,1,714,2,1076,53
Compound::DB00250,Disease::DOID:9074,1,87,3,227,28
Compound::DB01204,Disease::DOID:1115,1,694,1,212,32
Compound::DB08816,Disease::DOID:3393,1,127,6,595,40
Compound::DB00398,Disease::DOID:1781,1,562,0,89,16
Compound::DB00741,Disease::DOID:7148,1,319,2,868,38
Compound::DB00764,Disease::DOID:3310,1,113,33,106,21
Compound::DB00178,Disease::DOID:10763,1,225,2,699,73
Compound::DB00441,Disease::DOID:1612,1,714,2,1115,44
Compound::DB01248,Disease::DOID:1909,1,387,2,931,13
Compound::DB00964,Disease::DOID:1686,1,119,2,178,25
Compound::DB00553,Disease::DOID:8893,1,107,3,647,29
Compound::DB01260,Disease::DOID:3310,1,57,29,106,21
Compound::DB00997,Disease::DOID:2531,1,1064,2,1076,53
Compound::DB00541,Disease::DOID:1115,1,449,4,212,32
Compound::DB00279,Disease::DOID:1459,1,38,1,104,5
Compound::DB00649,Disease::DOID:635,1,152,5,591,14
Compound::DB00630,Disease::DOID:5408,1,127,4,70,6
Compound::DB00290,Disease::DOID:2994,1,114,0,324,13
Compound::DB00958,Disease::DOID:1612,1,31,1,1115,44
Compound::DB01273,Disease::DOID:0050742,1,745,1,535,5
Compound::DB01005,Disease::DOID:11934,1,138,1,239,10
Compound::DB00328,Disease::DOID:13189,1,242,6,44,11
Compound::DB08871,Disease::DOID:1612,1,10,1,1115,44
Compound::DB00331,Disease::DOID:9352,1,228,1,328,30
Compound::DB00691,Disease::DOID:10763,1,12,4,699,73
Compound::DB00286,Disease::DOID:11476,1,294,7,145,19
Compound::DB00242,Disease::DOID:2531,1,312,8,1076,53
Compound::DB00884,Disease::DOID:11476,1,167,7,145,19
Compound::DB00169,Disease::DOID:8577,1,18,8,666,24
Compound::DB00773,Disease::DOID:1319,1,386,3,272,12
Compound::DB04572,Disease::DOID:1612,1,227,1,1115,44
Compound::DB00620,Disease::DOID:7147,1,262,31,246,19
Compound::DB00755,Disease::DOID:1192,1,667,1,207,23
Compound::DB00331,Disease::DOID:11612,1,228,1,733,10
Compound::DB00997,Disease::DOID:263,1,1064,2,777,21
Compound::DB01077,Disease::DOID:5408,1,89,2,70,6
Compound::DB01274,Disease::DOID:2841,1,205,3,277,41
Compound::DB01008,Disease::DOID:2531,1,403,1,1076,53
Compound::DB00385,Disease::DOID:11054,1,55,3,169,18
Compound::DB00741,Disease::DOID:2841,1,319,2,277,41
Compound::DB00620,Disease::DOID:3310,1,262,31,106,21
Compound::DB00773,Disease::DOID:2998,1,386,3,60,24
Compound::DB00869,Disease::DOID:1686,1,208,0,178,25
Compound::DB00195,Disease::DOID:1686,1,279,2,178,25
Compound::DB00441,Disease::DOID:1324,1,714,2,713,23
Compound::DB00091,Disease::DOID:8893,1,861,2,647,29
Compound::DB00445,Disease::DOID:3571,1,1036,3,234,12
Compound::DB00819,Disease::DOID:1686,1,91,1,178,25
Compound::DB00970,Disease::DOID:2174,1,590,0,128,11
Compound::DB00905,Disease::DOID:1686,1,129,8,178,25
Compound::DB00880,Disease::DOID:10763,1,70,12,699,73
Compound::DB00695,Disease::DOID:12930,1,196,1,113,5
Compound::DB08860,Disease::DOID:3393,1,510,2,595,40
Compound::DB00515,Disease::DOID:1324,1,202,1,713,23
Compound::DB00900,Disease::DOID:635,1,107,3,591,14
Compound::DB00563,Disease::DOID:8893,1,517,3,647,29
Compound::DB00773,Disease::DOID:4045,1,386,3,120,17
Compound::DB00635,Disease::DOID:418,1,311,10,614,32
Compound::DB00678,Disease::DOID:10763,1,222,5,699,73
Compound::DB00851,Disease::DOID:1793,1,17,1,695,21
Compound::DB00445,Disease::DOID:10283,1,1036,3,660,32
Compound::DB00678,Disease::DOID:3393,1,222,5,595,40
Compound::DB00394,Disease::DOID:8893,1,99,1,647,29
Compound::DB00989,Disease::DOID:10652,1,490,2,763,9
Compound::DB00290,Disease::DOID:4159,1,114,0,154,19
Compound::DB00550,Disease::DOID:12361,1,78,1,74,2
Compound::DB00762,Disease::DOID:2531,1,671,2,1076,53
Compound::DB00655,Disease::DOID:10283,1,110,5,660,32
Compound::DB00541,Disease::DOID:263,1,449,4,777,21
Compound::DB00736,Disease::DOID:9206,1,316,3,539,2
Compound::DB00970,Disease::DOID:1115,1,590,0,212,32
Compound::DB00341,Disease::DOID:4481,1,265,20,87,20
Compound::DB01197,Disease::DOID:10763,1,182,1,699,73
Compound::DB01042,Disease::DOID:2531,1,130,3,1076,53
Compound::DB01261,Disease::DOID:9352,1,182,1,328,30
Compound::DB00195,Disease::DOID:10763,1,279,2,699,73
Compound::DB00959,Disease::DOID:7148,1,260,26,868,38
Compound::DB01014,Disease::DOID:8778,1,39,5,677,9
Compound::DB00262,Disease::DOID:3070,1,185,1,294,4
Compound::DB00396,Disease::DOID:363,1,388,3,144,15
Compound::DB00773,Disease::DOID:1324,1,386,3,713,23
Compound::DB00361,Disease::DOID:2531,1,391,5,1076,53
Compound::DB00762,Disease::DOID:10534,1,671,2,358,22
Compound::DB00741,Disease::DOID:3310,1,319,2,106,21
Compound::DB01005,Disease::DOID:2531,1,138,1,1076,53
Compound::DB00710,Disease::DOID:11476,1,204,5,145,19
Compound::DB00331,Disease::DOID:14221,1,228,1,130,5
Compound::DB00421,Disease::DOID:10763,1,87,7,699,73
Compound::DB00851,Disease::DOID:2531,1,17,1,1076,53
Compound::DB00718,Disease::DOID:2043,1,78,1,96,5
Compound::DB00966,Disease::DOID:3393,1,221,1,595,40
Compound::DB01131,Disease::DOID:12365,1,37,1,588,12
Compound::DB00227,Disease::DOID:1936,1,353,1,218,7
Compound::DB00273,Disease::DOID:1826,1,570,3,506,25
Compound::DB00322,Disease::DOID:10534,1,153,2,358,22
Compound::DB00851,Disease::DOID:4045,1,17,1,120,17
Compound::DB00177,Disease::DOID:10763,1,130,2,699,73
Compound::DB00958,Disease::DOID:363,1,31,1,144,15
Compound::DB00959,Disease::DOID:9008,1,260,26,558,15
Compound::DB00773,Disease::DOID:2531,1,386,3,1076,53
Compound::DB00262,Disease::DOID:1319,1,185,1,272,12
Compound::DB00839,Disease::DOID:9352,1,55,1,328,30
Compound::DB04572,Disease::DOID:1115,1,227,1,212,32
Compound::DB00394,Disease::DOID:2841,1,99,1,277,41
Compound::DB01274,Disease::DOID:3083,1,205,3,619,16
Compound::DB00958,Disease::DOID:2174,1,31,1,128,11
Compound::DB01124,Disease::DOID:9352,1,65,2,328,30
Compound::DB00262,Disease::DOID:0060073,1,185,1,9,9
Compound::DB00949,Disease::DOID:1826,1,266,5,506,25
Compound::DB00515,Disease::DOID:2998,1,202,1,60,24
Compound::DB00591,Disease::DOID:8893,1,216,24,647,29
Compound::DB00997,Disease::DOID:10534,1,1064,2,358,22
Compound::DB00313,Disease::DOID:1826,1,360,2,506,25
Compound::DB00672,Disease::DOID:9352,1,55,4,328,30
Compound::DB01234,Disease::DOID:9074,1,676,16,227,28
Compound::DB00178,Disease::DOID:9352,1,225,2,328,30
Compound::DB01248,Disease::DOID:4159,1,387,2,154,19
Compound::DB00445,Disease::DOID:1781,1,1036,3,89,16
Compound::DB00373,Disease::DOID:6364,1,237,0,167,32
Compound::DB01234,Disease::DOID:7147,1,676,16,246,19
Compound::DB01590,Disease::DOID:263,1,923,6,777,21
Compound::DB00620,Disease::DOID:9074,1,262,31,227,28
Compound::DB00471,Disease::DOID:2841,1,145,1,277,41
Compound::DB00773,Disease::DOID:10283,1,386,3,660,32
Compound::DB01013,Disease::DOID:8893,1,141,28,647,29
Compound::DB01064,Disease::DOID:2841,1,65,10,277,41
Compound::DB01162,Disease::DOID:10763,1,141,0,699,73
Compound::DB00977,Disease::DOID:10283,1,192,1,660,32
Compound::DB00688,Disease::DOID:9074,1,647,0,227,28
Compound::DB00882,Disease::DOID:14227,1,390,9,544,1
Compound::DB01229,Disease::DOID:1324,1,659,3,713,23
Compound::DB00716,Disease::DOID:2841,1,64,1,277,41
Compound::DB00773,Disease::DOID:1115,1,386,3,212,32
Compound::DB01041,Disease::DOID:2531,1,435,4,1076,53
Compound::DB00675,Disease::DOID:1793,1,417,11,695,21
Compound::DB01200,Disease::DOID:9352,1,212,7,328,30
Compound::DB00484,Disease::DOID:1686,1,173,1,178,25
Compound::DB01132,Disease::DOID:9352,1,135,4,328,30
Compound::DB08865,Disease::DOID:1324,1,685,6,713,23
Compound::DB00659,Disease::DOID:0050741,1,242,0,438,6
Compound::DB00277,Disease::DOID:2841,1,117,1,277,41
Compound::DB00620,Disease::DOID:7148,1,262,31,868,38
Compound::DB01005,Disease::DOID:1319,1,138,1,272,12
Compound::DB01168,Disease::DOID:2531,1,146,1,1076,53
Compound::DB00553,Disease::DOID:2531,1,107,3,1076,53
Compound::DB00958,Disease::DOID:5041,1,31,1,227,9
Compound::DB00441,Disease::DOID:11054,1,714,2,169,18
Compound::DB00443,Disease::DOID:7147,1,657,12,246,19
Compound::DB01075,Disease::DOID:3310,1,107,25,106,21
Compound::DB01586,Disease::DOID:12236,1,246,3,101,7
Compound::DB00995,Disease::DOID:9008,1,115,0,558,15
Compound::DB01115,Disease::DOID:10763,1,337,8,699,73
Compound::DB00620,Disease::DOID:2531,1,262,31,1076,53
Compound::DB00286,Disease::DOID:10283,1,294,7,660,32
Compound::DB01203,Disease::DOID:10763,1,111,8,699,73
Compound::DB00959,Disease::DOID:3310,1,260,26,106,21
Compound::DB00762,Disease::DOID:219,1,671,2,621,12
Compound::DB01259,Disease::DOID:1612,1,110,1,1115,44
Compound::DB01409,Disease::DOID:2841,1,122,0,277,41
Compound::DB01222,Disease::DOID:2841,1,358,31,277,41
Compound::DB05812,Disease::DOID:10283,1,80,1,660,32
Compound::DB00701,Disease::DOID:635,1,84,4,591,14
Compound::DB00709,Disease::DOID:2043,1,246,2,96,5
Compound::DB00570,Disease::DOID:11934,1,593,1,239,10
Compound::DB01656,Disease::DOID:3083,1,74,1,619,16
Compound::DB00985,Disease::DOID:3310,1,62,9,106,21
Compound::DB01409,Disease::DOID:3083,1,122,0,619,16
Compound::DB00177,Disease::DOID:9352,1,130,2,328,30
Compound::DB00563,Disease::DOID:4045,1,517,3,120,17
Compound::DB06777,Disease::DOID:12236,1,240,3,101,7
Compound::DB00622,Disease::DOID:10763,1,146,10,699,73
Compound::DB01136,Disease::DOID:10763,1,281,10,699,73
Compound::DB00997,Disease::DOID:1192,1,1064,2,207,23
Compound::DB00997,Disease::DOID:1793,1,1064,2,695,21
Compound::DB00244,Disease::DOID:8778,1,444,8,677,9
Compound::DB00970,Disease::DOID:1909,1,590,0,931,13
Compound::DB00563,Disease::DOID:2531,1,517,3,1076,53
Compound::DB00764,Disease::DOID:2841,1,113,33,277,41
Compound::DB01029,Disease::DOID:9352,1,268,4,328,30
Compound::DB01003,Disease::DOID:2841,1,134,1,277,41
Compound::DB00398,Disease::DOID:263,1,562,0,777,21
Compound::DB00800,Disease::DOID:10763,1,60,0,699,73
Compound::DB00620,Disease::DOID:4481,1,262,31,87,20
Compound::DB00563,Disease::DOID:2998,1,517,3,60,24
Compound::DB00629,Disease::DOID:10763,1,195,1,699,73
Compound::DB00441,Disease::DOID:263,1,714,2,777,21
Compound::DB00774,Disease::DOID:10763,1,73,6,699,73
Compound::DB00782,Disease::DOID:4989,1,50,1,150,8
Compound::DB00571,Disease::DOID:6364,1,162,0,167,32
Compound::DB00630,Disease::DOID:11476,1,127,4,145,19
Compound::DB01024,Disease::DOID:418,1,913,1,614,32
Compound::DB01248,Disease::DOID:1612,1,387,2,1115,44
Compound::DB00987,Disease::DOID:2531,1,181,12,1076,53
Compound::DB00938,Disease::DOID:2841,1,206,5,277,41
Compound::DB01204,Disease::DOID:2531,1,694,1,1076,53
Compound::DB00999,Disease::DOID:10763,1,302,5,699,73
Compound::DB00620,Disease::DOID:8893,1,262,31,647,29
Compound::DB00958,Disease::DOID:2394,1,31,1,376,17
Compound::DB00480,Disease::DOID:2531,1,516,1,1076,53
Compound::DB01204,Disease::DOID:10283,1,694,1,660,32
Compound::DB00443,Disease::DOID:9008,1,657,12,558,15
Compound::DB00627,Disease::DOID:3393,1,194,3,595,40
Compound::DB00563,Disease::DOID:9008,1,517,3,558,15
Compound::DB00359,Disease::DOID:12365,1,98,5,588,12
Compound::DB00700,Disease::DOID:3393,1,152,8,595,40
Compound::DB01248,Disease::DOID:1324,1,387,2,713,23
Compound::DB00305,Disease::DOID:10534,1,570,1,358,22
Compound::DB01006,Disease::DOID:1612,1,181,0,1115,44
Compound::DB00958,Disease::DOID:2998,1,31,1,60,24
Compound::DB00997,Disease::DOID:1115,1,1064,2,212,32
Compound::DB00947,Disease::DOID:1612,1,598,1,1115,44
Compound::DB01181,Disease::DOID:2994,1,332,2,324,13
Compound::DB00563,Disease::DOID:418,1,517,3,614,32
Compound::DB00635,Disease::DOID:3083,1,311,10,619,16
Compound::DB00544,Disease::DOID:1793,1,208,2,695,21
Compound::DB00997,Disease::DOID:1781,1,1064,2,89,16
Compound::DB00983,Disease::DOID:2841,1,202,6,277,41
Compound::DB00187,Disease::DOID:10763,1,141,14,699,73
Compound::DB00421,Disease::DOID:12930,1,87,7,113,5
Compound::DB00958,Disease::DOID:11054,1,31,1,169,18
Compound::DB00443,Disease::DOID:4481,1,657,12,87,20
Compound::DB00977,Disease::DOID:11476,1,192,1,145,19
Compound::DB00851,Disease::DOID:1192,1,17,1,207,23
Compound::DB00169,Disease::DOID:8893,1,18,8,647,29
Compound::DB00959,Disease::DOID:2841,1,260,26,277,41
Compound::DB00776,Disease::DOID:1826,1,322,25,506,25
Compound::DB00126,Disease::DOID:10283,1,24,0,660,32
Compound::DB00795,Disease::DOID:8778,1,26,6,677,9
Compound::DB00544,Disease::DOID:11054,1,208,2,169,18
Compound::DB00443,Disease::DOID:8893,1,657,12,647,29
Compound::DB00180,Disease::DOID:2841,1,214,21,277,41
Compound::DB00291,Disease::DOID:2394,1,135,2,376,17
Compound::DB00563,Disease::DOID:7147,1,517,3,246,19
Compound::DB00258,Disease::DOID:11476,1,47,1,145,19
Compound::DB01196,Disease::DOID:10283,1,73,12,660,32
Compound::DB00313,Disease::DOID:6364,1,360,2,167,32
Compound::DB00153,Disease::DOID:7148,1,45,2,868,38
Compound::DB00444,Disease::DOID:0060073,1,584,1,9,9
Compound::DB02300,Disease::DOID:8893,1,81,5,647,29
Compound::DB00970,Disease::DOID:363,1,590,0,144,15
Compound::DB00264,Disease::DOID:10763,1,198,11,699,73
Compound::DB06287,Disease::DOID:263,1,681,5,777,21
Compound::DB01181,Disease::DOID:2998,1,332,2,60,24
Compound::DB00552,Disease::DOID:2531,1,184,7,1076,53
Compound::DB01185,Disease::DOID:1612,1,57,12,1115,44
Compound::DB00973,Disease::DOID:3393,1,159,1,595,40
Compound::DB00290,Disease::DOID:0060073,1,114,0,9,9
Compound::DB00799,Disease::DOID:8893,1,51,1,647,29
Compound::DB00563,Disease::DOID:0060073,1,517,3,9,9
Compound::DB00722,Disease::DOID:12930,1,283,1,113,5
Compound::DB01001,Disease::DOID:2841,1,232,6,277,41
Compound::DB00515,Disease::DOID:1192,1,202,1,207,23
Compound::DB00014,Disease::DOID:10283,1,259,3,660,32
Compound::DB00539,Disease::DOID:1612,1,233,0,1115,44
Compound::DB00773,Disease::DOID:2994,1,386,3,324,13
Compound::DB01268,Disease::DOID:1793,1,538,3,695,21
Compound::DB00436,Disease::DOID:10763,1,45,7,699,73
Compound::DB01156,Disease::DOID:9970,1,565,3,544,14
Compound::DB00909,Disease::DOID:1826,1,310,4,506,25
Compound::DB00958,Disease::DOID:1319,1,31,1,272,12
Compound::DB00275,Disease::DOID:3393,1,180,1,595,40
Compound::DB01234,Disease::DOID:2841,1,676,16,277,41
Compound::DB00445,Disease::DOID:1115,1,1036,3,212,32
Compound::DB00091,Disease::DOID:1312,1,861,2,58,3
Compound::DB01229,Disease::DOID:263,1,659,3,777,21
Compound::DB00575,Disease::DOID:10763,1,229,1,699,73
Compound::DB02546,Disease::DOID:2531,1,579,1,1076,53
Compound::DB00449,Disease::DOID:1686,1,26,0,178,25
Compound::DB00291,Disease::DOID:2531,1,135,2,1076,53
Compound::DB00544,Disease::DOID:1612,1,208,2,1115,44
Compound::DB00445,Disease::DOID:2531,1,1036,3,1076,53
Compound::DB00594,Disease::DOID:10763,1,103,2,699,73
Compound::DB00443,Disease::DOID:7148,1,657,12,868,38
Compound::DB00361,Disease::DOID:1612,1,391,5,1115,44
Compound::DB00881,Disease::DOID:10763,1,103,14,699,73
Compound::DB00635,Disease::DOID:8577,1,311,10,666,24
Compound::DB00503,Disease::DOID:635,1,373,8,591,14
Compound::DB01190,Disease::DOID:12365,1,165,3,588,12
Compound::DB00519,Disease::DOID:3393,1,217,0,595,40
Compound::DB00968,Disease::DOID:10763,1,211,1,699,73
Compound::DB00310,Disease::DOID:10763,1,87,3,699,73
Compound::DB00515,Disease::DOID:11054,1,202,1,169,18
Compound::DB01206,Disease::DOID:1319,1,49,2,272,12
Compound::DB00675,Disease::DOID:1612,1,417,11,1115,44
Compound::DB01101,Disease::DOID:10283,1,496,1,660,32
Compound::DB00764,Disease::DOID:418,1,113,33,614,32
Compound::DB00635,Disease::DOID:9074,1,311,10,227,28
Compound::DB01042,Disease::DOID:1612,1,130,3,1115,44
Compound::DB00851,Disease::DOID:4159,1,17,1,154,19
Compound::DB01217,Disease::DOID:1612,1,183,0,1115,44
Compound::DB00795,Disease::DOID:7147,1,26,6,246,19
Compound::DB01076,Disease::DOID:10763,1,43,3,699,73
Compound::DB01346,Disease::DOID:12365,1,231,2,588,12
Compound::DB01001,Disease::DOID:3083,1,232,6,619,16
Compound::DB01097,Disease::DOID:7148,1,258,0,868,38
Compound::DB00350,Disease::DOID:10763,1,7,1,699,73
Compound::DB00290,Disease::DOID:2531,1,114,0,1076,53
Compound::DB05294,Disease::DOID:1781,1,271,1,89,16
Compound::DB00549,Disease::DOID:2841,1,91,2,277,41
Compound::DB01254,Disease::DOID:2531,1,853,0,1076,53
Compound::DB00563,Disease::DOID:11054,1,517,3,169,18
Compound::DB01105,Disease::DOID:9970,1,381,4,544,14
Compound::DB00853,Disease::DOID:4159,1,255,1,154,19
Compound::DB00347,Disease::DOID:1826,1,74,2,506,25
Compound::DB00678,Disease::DOID:9352,1,222,5,328,30
Compound::DB00920,Disease::DOID:2841,1,62,5,277,41
Compound::DB00188,Disease::DOID:2531,1,1136,4,1076,53
Compound::DB00661,Disease::DOID:10763,1,189,4,699,73
Compound::DB00703,Disease::DOID:1686,1,81,1,178,25
Compound::DB01222,Disease::DOID:8577,1,358,31,666,24
Compound::DB00575,Disease::DOID:1686,1,229,1,178,25
Compound::DB00884,Disease::DOID:5408,1,167,7,70,6
Compound::DB00584,Disease::DOID:10763,1,254,5,699,73
Compound::DB04574,Disease::DOID:11476,1,196,9,145,19
Compound::DB00959,Disease::DOID:4481,1,260,26,87,20
Compound::DB01016,Disease::DOID:11714,1,176,11,46,1
Compound::DB00620,Disease::DOID:9008,1,262,31,558,15
Compound::DB01250,Disease::DOID:8577,1,12,2,666,24
Compound::DB00220,Disease::DOID:635,1,193,2,591,14
Compound::DB00444,Disease::DOID:1324,1,584,1,713,23
Compound::DB00468,Disease::DOID:12365,1,201,0,588,12
Compound::DB00851,Disease::DOID:1115,1,17,1,212,32
Compound::DB00695,Disease::DOID:3393,1,196,1,595,40
Compound::DB00674,Disease::DOID:10652,1,215,2,763,9
Compound::DB00544,Disease::DOID:11934,1,208,2,239,10
Compound::DB01234,Disease::DOID:8893,1,676,16,647,29
Compound::DB00337,Disease::DOID:3310,1,131,1,106,21
Compound::DB00860,Disease::DOID:3310,1,189,18,106,21
Compound::DB05039,Disease::DOID:2841,1,61,1,277,41
Compound::DB00442,Disease::DOID:2043,1,70,1,96,5
Compound::DB00291,Disease::DOID:2998,1,135,2,60,24
Compound::DB00865,Disease::DOID:9970,1,45,39,544,14
Compound::DB00563,Disease::DOID:7148,1,517,3,868,38
Compound::DB00104,Disease::DOID:3277,1,306,7,61,6
Compound::DB04845,Disease::DOID:1612,1,159,1,1115,44
Compound::DB01039,Disease::DOID:3393,1,243,6,595,40
Compound::DB00908,Disease::DOID:12365,1,207,3,588,12
Compound::DB00443,Disease::DOID:2377,1,657,12,283,34
Compound::DB00570,Disease::DOID:1324,1,593,1,713,23
Compound::DB06699,Disease::DOID:10283,1,122,3,660,32
Compound::DB01016,Disease::DOID:9352,1,176,11,328,30
Compound::DB01076,Disease::DOID:3393,1,43,3,595,40
Compound::DB01073,Disease::DOID:0060073,1,152,13,9,9
Compound::DB00983,Disease::DOID:3083,1,202,6,619,16
Compound::DB00530,Disease::DOID:1793,1,331,1,695,21
Compound::DB00287,Disease::DOID:1686,1,190,4,178,25
Compound::DB00519,Disease::DOID:10763,1,217,0,699,73
Compound::DB01083,Disease::DOID:9970,1,212,2,544,14
Compound::DB06218,Disease::DOID:1826,1,128,4,506,25
Compound::DB00722,Disease::DOID:3393,1,283,1,595,40
Compound::DB00434,Disease::DOID:4481,1,177,14,87,20
Compound::DB00541,Disease::DOID:0060073,1,449,4,9,9
Compound::DB01047,Disease::DOID:8893,1,106,7,647,29
Compound::DB01024,Disease::DOID:8893,1,913,1,647,29
Compound::DB00262,Disease::DOID:1909,1,185,1,931,13
Compound::DB00997,Disease::DOID:1612,1,1064,2,1115,44
Compound::DB01098,Disease::DOID:1936,1,133,0,218,7
Compound::DB00437,Disease::DOID:13189,1,260,1,44,11
Compound::DB00227,Disease::DOID:3393,1,353,1,595,40
Compound::DB04861,Disease::DOID:10763,1,55,0,699,73
Compound::DB00307,Disease::DOID:2531,1,295,1,1076,53
Compound::DB06589,Disease::DOID:263,1,400,4,777,21
Compound::DB00762,Disease::DOID:1612,1,671,2,1115,44
Compound::DB00284,Disease::DOID:9352,1,63,2,328,30
Compound::DB00481,Disease::DOID:11476,1,608,0,145,19
Compound::DB00958,Disease::DOID:184,1,31,1,255,6
Compound::DB00451,Disease::DOID:1459,1,107,4,104,5
Compound::DB01097,Disease::DOID:418,1,258,0,614,32
Compound::DB00993,Disease::DOID:9074,1,138,4,227,28
Compound::DB01601,Disease::DOID:635,1,17,2,591,14
Compound::DB00860,Disease::DOID:7147,1,189,18,246,19
Compound::DB01197,Disease::DOID:3393,1,182,1,595,40
Compound::DB00250,Disease::DOID:1024,1,87,3,84,3
Compound::DB01080,Disease::DOID:1826,1,233,1,506,25
Compound::DB01359,Disease::DOID:3393,1,52,3,595,40
Compound::DB00349,Disease::DOID:1826,1,126,28,506,25
Compound::DB00641,Disease::DOID:1936,1,572,2,218,7
Compound::DB00445,Disease::DOID:2998,1,1036,3,60,24
Compound::DB00970,Disease::DOID:2994,1,590,0,324,13
Compound::DB00773,Disease::DOID:363,1,386,3,144,15
Compound::DB00741,Disease::DOID:8893,1,319,2,647,29
Compound::DB00853,Disease::DOID:1909,1,255,1,931,13
Compound::DB00563,Disease::DOID:184,1,517,3,255,6
Compound::DB00705,Disease::DOID:635,1,297,2,591,14
Compound::DB00997,Disease::DOID:2394,1,1064,2,376,17
Compound::DB01144,Disease::DOID:1686,1,64,4,178,25
Compound::DB01210,Disease::DOID:1686,1,70,4,178,25
Compound::DB00741,Disease::DOID:9074,1,319,2,227,28
Compound::DB00970,Disease::DOID:4159,1,590,0,154,19
Compound::DB00254,Disease::DOID:12365,1,18,2,588,12
Compound::DB01043,Disease::DOID:10652,1,461,1,763,9
Compound::DB01234,Disease::DOID:3310,1,676,16,106,21
Compound::DB01241,Disease::DOID:3393,1,151,2,595,40
Compound::DB01014,Disease::DOID:8577,1,39,5,666,24
Compound::DB00570,Disease::DOID:263,1,593,1,777,21
Compound::DB01048,Disease::DOID:635,1,142,2,591,14
Compound::DB00495,Disease::DOID:635,1,220,4,591,14
Compound::DB01223,Disease::DOID:3083,1,106,2,619,16
Compound::DB01067,Disease::DOID:9352,1,134,6,328,30
Compound::DB01223,Disease::DOID:2841,1,106,2,277,41
Compound::DB00412,Disease::DOID:9352,1,143,7,328,30
Compound::DB00860,Disease::DOID:9008,1,189,18,558,15
Compound::DB01174,Disease::DOID:1826,1,116,12,506,25
Compound::DB00455,Disease::DOID:2841,1,89,3,277,41
Compound::DB01097,Disease::DOID:9074,1,258,0,227,28
Compound::DB05389,Disease::DOID:2841,1,13,0,277,41
Compound::DB00091,Disease::DOID:7148,1,861,2,868,38
Compound::DB01234,Disease::DOID:2531,1,676,16,1076,53
Compound::DB01291,Disease::DOID:2841,1,67,2,277,41
Compound::DB01073,Disease::DOID:2531,1,152,13,1076,53
Compound::DB00888,Disease::DOID:0060073,1,51,2,9,9
Compound::DB01206,Disease::DOID:2531,1,49,2,1076,53
Compound::DB00731,Disease::DOID:9352,1,77,4,328,30
Compound::DB00635,Disease::DOID:13189,1,311,10,44,11
Compound::DB01032,Disease::DOID:13189,1,70,4,44,11
Compound::DB00384,Disease::DOID:10763,1,40,2,699,73
Compound::DB00471,Disease::DOID:3083,1,145,1,619,16
Compound::DB00843,Disease::DOID:10652,1,377,2,763,9
Compound::DB01394,Disease::DOID:12236,1,184,2,101,7
Compound::DB06201,Disease::DOID:1826,1,104,0,506,25
Compound::DB00457,Disease::DOID:10763,1,87,3,699,73
Compound::DB01577,Disease::DOID:9970,1,50,20,544,14
Compound::DB00317,Disease::DOID:1324,1,288,3,713,23
Compound::DB00945,Disease::DOID:3393,1,118,2,595,40
Compound::DB00773,Disease::DOID:11054,1,386,3,169,18
Compound::DB00321,Disease::DOID:6364,1,229,4,167,32
Compound::DB00619,Disease::DOID:2531,1,410,2,1076,53
Compound::DB00588,Disease::DOID:2841,1,278,10,277,41
Compound::DB00136,Disease::DOID:8893,1,177,1,647,29
Compound::DB00722,Disease::DOID:418,1,283,1,614,32
Compound::DB00584,Disease::DOID:3393,1,254,5,595,40
Compound::DB00635,Disease::DOID:8893,1,311,10,647,29
Compound::DB04572,Disease::DOID:11054,1,227,1,169,18
Compound::DB00990,Disease::DOID:1612,1,190,2,1115,44
Compound::DB00397,Disease::DOID:9970,1,83,0,544,14
Compound::DB00541,Disease::DOID:4045,1,449,4,120,17
Compound::DB00788,Disease::DOID:13189,1,390,3,44,11
Compound::DB00860,Disease::DOID:8577,1,189,18,666,24
Compound::DB00136,Disease::DOID:11476,1,177,1,145,19
Compound::DB01033,Disease::DOID:8577,1,72,2,666,24
Compound::DB00343,Disease::DOID:10763,1,261,14,699,73
Compound::DB00997,Disease::DOID:10283,1,1064,2,660,32
Compound::DB01085,Disease::DOID:1686,1,225,1,178,25
Compound::DB00790,Disease::DOID:3393,1,255,4,595,40
Compound::DB00722,Disease::DOID:10763,1,283,1,699,73
Compound::DB01041,Disease::DOID:1024,1,435,4,84,3
Compound::DB00993,Disease::DOID:2377,1,138,4,283,34
Compound::DB00178,Disease::DOID:3393,1,225,2,595,40
Compound::DB01234,Disease::DOID:7148,1,676,16,868,38
Compound::DB00445,Disease::DOID:1192,1,1036,3,207,23
Compound::DB00563,Disease::DOID:2994,1,517,3,324,13
Compound::DB00571,Disease::DOID:10763,1,162,0,699,73
Compound::DB01248,Disease::DOID:1793,1,387,2,695,21
Compound::DB01248,Disease::DOID:2394,1,387,2,376,17
Compound::DB01248,Disease::DOID:10283,1,387,2,660,32
Compound::DB00445,Disease::DOID:363,1,1036,3,144,15
Compound::DB00443,Disease::DOID:9074,1,657,12,227,28
Compound::DB00987,Disease::DOID:0060073,1,181,12,9,9
Compound::DB00542,Disease::DOID:10763,1,107,18,699,73
Compound::DB00014,Disease::DOID:1612,1,259,3,1115,44
Compound::DB01128,Disease::DOID:10283,1,211,1,660,32
Compound::DB00373,Disease::DOID:1686,1,237,0,178,25
Compound::DB01033,Disease::DOID:2531,1,72,2,1076,53
Compound::DB01101,Disease::DOID:219,1,496,1,621,12
Compound::DB01077,Disease::DOID:11476,1,89,2,145,19
Compound::DB01248,Disease::DOID:11934,1,387,2,239,10
Compound::DB00523,Disease::DOID:2531,1,653,2,1076,53
Compound::DB00995,Disease::DOID:7148,1,115,0,868,38
Compound::DB00635,Disease::DOID:7147,1,311,10,246,19
Compound::DB00796,Disease::DOID:10763,1,110,6,699,73
Compound::DB00398,Disease::DOID:3571,1,562,0,234,12
Compound::DB00635,Disease::DOID:2377,1,311,10,283,34
Compound::DB08882,Disease::DOID:9352,1,43,2,328,30
Compound::DB00997,Disease::DOID:11054,1,1064,2,169,18
Compound::DB06697,Disease::DOID:12365,1,8,0,588,12
Compound::DB01030,Disease::DOID:4362,1,621,1,89,1
Compound::DB00806,Disease::DOID:12365,1,130,4,588,12
Compound::DB00819,Disease::DOID:1826,1,91,1,506,25
Compound::DB00740,Disease::DOID:332,1,437,1,634,5
Compound::DB00683,Disease::DOID:1826,1,245,3,506,25
Compound::DB00553,Disease::DOID:12306,1,107,3,65,8
Compound::DB01030,Disease::DOID:2394,1,621,1,376,17
Compound::DB06772,Disease::DOID:10283,1,157,1,660,32
Compound::DB01083,Disease::DOID:9352,1,212,2,328,30
Compound::DB00790,Disease::DOID:10763,1,255,4,699,73
Compound::DB00153,Disease::DOID:11476,1,45,2,145,19
Compound::DB00515,Disease::DOID:184,1,202,1,255,6
Compound::DB00966,Disease::DOID:10763,1,221,1,699,73
Compound::DB00903,Disease::DOID:10763,1,117,1,699,73
Compound::DB00709,Disease::DOID:635,1,246,2,591,14
Compound::DB00818,Disease::DOID:1826,1,206,1,506,25
Compound::DB00361,Disease::DOID:1324,1,391,5,713,23
Compound::DB00459,Disease::DOID:8893,1,300,5,647,29
Compound::DB01234,Disease::DOID:4481,1,676,16,87,20
Compound::DB00411,Disease::DOID:1686,1,69,2,178,25
Compound::DB00221,Disease::DOID:2841,1,7,7,277,41
Compound::DB00806,Disease::DOID:418,1,130,4,614,32
Compound::DB00262,Disease::DOID:2531,1,185,1,1076,53
Compound::DB00959,Disease::DOID:9074,1,260,26,227,28
Compound::DB00590,Disease::DOID:10763,1,270,3,699,73
Compound::DB01229,Disease::DOID:1612,1,659,3,1115,44
Compound::DB00509,Disease::DOID:1459,1,101,1,104,5
Compound::DB00563,Disease::DOID:219,1,517,3,621,12
Compound::DB00530,Disease::DOID:263,1,331,1,777,21
Compound::DB00993,Disease::DOID:8778,1,138,4,677,9
Compound::DB01018,Disease::DOID:10763,1,115,4,699,73
Compound::DB01042,Disease::DOID:2394,1,130,3,376,17
Compound::DB00996,Disease::DOID:1826,1,548,1,506,25
Compound::DB00620,Disease::DOID:2841,1,262,31,277,41
Compound::DB00999,Disease::DOID:585,1,302,5,59,2
Compound::DB00744,Disease::DOID:2841,1,69,3,277,41
Compound::DB00524,Disease::DOID:10763,1,122,5,699,73
Compound::DB00741,Disease::DOID:13189,1,319,2,44,11
Compound::DB01268,Disease::DOID:263,1,538,3,777,21
Compound::DB00238,Disease::DOID:635,1,128,4,591,14
Compound::DB00795,Disease::DOID:7148,1,26,6,868,38
Compound::DB01229,Disease::DOID:2394,1,659,3,376,17
Compound::DB00700,Disease::DOID:10763,1,152,8,699,73
Compound::DB00373,Disease::DOID:10763,1,237,0,699,73
Compound::DB00859,Disease::DOID:7148,1,130,0,868,38
Compound::DB00860,Disease::DOID:13189,1,189,18,44,11
Compound::DB00273,Disease::DOID:6364,1,570,3,167,32
Compound::DB00724,Disease::DOID:4159,1,277,2,154,19
Compound::DB00515,Disease::DOID:5041,1,202,1,227,9
Compound::DB04868,Disease::DOID:2531,1,507,3,1076,53
Compound::DB00970,Disease::DOID:1192,1,590,0,207,23
Compound::DB01194,Disease::DOID:1686,1,208,1,178,25
Compound::DB00443,Disease::DOID:8577,1,657,12,666,24
Compound::DB00175,Disease::DOID:1936,1,212,0,218,7
Compound::DB00570,Disease::DOID:1612,1,593,1,1115,44
Compound::DB00997,Disease::DOID:2998,1,1064,2,60,24
Compound::DB00625,Disease::DOID:635,1,271,7,591,14
Compound::DB00635,Disease::DOID:8778,1,311,10,677,9
Compound::DB00184,Disease::DOID:8577,1,228,1,666,24
Compound::DB00704,Disease::DOID:0050741,1,294,4,438,6
Compound::DB00959,Disease::DOID:13189,1,260,26,44,11
Compound::DB00871,Disease::DOID:2841,1,46,0,277,41
Compound::DB00373,Disease::DOID:3393,1,237,0,595,40
Compound::DB00563,Disease::DOID:5041,1,517,3,227,9
Compound::DB00214,Disease::DOID:10763,1,73,1,699,73
Compound::DB00275,Disease::DOID:10763,1,180,1,699,73
Compound::DB00768,Disease::DOID:4481,1,127,12,87,20
Compound::DB00627,Disease::DOID:1936,1,194,3,218,7
Compound::DB00860,Disease::DOID:7148,1,189,18,868,38
Compound::DB00981,Disease::DOID:1686,1,9,0,178,25
Compound::DB00860,Disease::DOID:9074,1,189,18,227,28
Compound::DB01579,Disease::DOID:9970,1,34,6,544,14
Compound::DB00230,Disease::DOID:1826,1,849,0,506,25
Compound::DB00912,Disease::DOID:9352,1,75,1,328,30
Compound::DB00443,Disease::DOID:3310,1,657,12,106,21
Compound::DB01214,Disease::DOID:1686,1,46,4,178,25
Compound::DB00481,Disease::DOID:1612,1,608,0,1115,44
Compound::DB00758,Disease::DOID:3393,1,351,2,595,40
Compound::DB01030,Disease::DOID:1192,1,621,1,207,23
Compound::DB01005,Disease::DOID:8893,1,138,1,647,29
Compound::DB00945,Disease::DOID:13378,1,118,2,47,2
Compound::DB00242,Disease::DOID:2377,1,312,8,283,34
Compound::DB00997,Disease::DOID:4045,1,1064,2,120,17
Compound::DB00993,Disease::DOID:7148,1,138,4,868,38
Compound::DB00620,Disease::DOID:2377,1,262,31,283,34
Compound::DB01133,Disease::DOID:5408,1,23,1,70,6
Compound::DB01234,Disease::DOID:8577,1,676,16,666,24
Compound::DB01204,Disease::DOID:0060073,1,694,1,9,9
Compound::DB00175,Disease::DOID:3393,1,212,0,595,40
Compound::DB00515,Disease::DOID:2531,1,202,1,1076,53
Compound::DB00598,Disease::DOID:10763,1,139,22,699,73
Compound::DB00959,Disease::DOID:8577,1,260,26,666,24
Compound::DB00445,Disease::DOID:2394,1,1036,3,376,17
Compound::DB00794,Disease::DOID:1826,1,69,6,506,25
Compound::DB00273,Disease::DOID:9970,1,570,3,544,14
Compound::DB00499,Disease::DOID:10283,1,118,1,660,32
Compound::DB04572,Disease::DOID:2531,1,227,1,1076,53
Compound::DB00282,Disease::DOID:11476,1,193,3,145,19
Compound::DB08866,Disease::DOID:10283,1,200,2,660,32
Compound::DB00541,Disease::DOID:1192,1,449,4,207,23
Compound::DB00887,Disease::DOID:10763,1,88,5,699,73
Compound::DB00970,Disease::DOID:2998,1,590,0,60,24
Compound::DB00635,Disease::DOID:9008,1,311,10,558,15
Compound::DB00361,Disease::DOID:2394,1,391,5,376,17
Compound::DB00564,Disease::DOID:1826,1,373,19,506,25
Compound::DB00967,Disease::DOID:4481,1,83,1,87,20
Compound::DB00695,Disease::DOID:10763,1,196,1,699,73
Compound::DB00399,Disease::DOID:5408,1,242,4,70,6
Compound::DB00741,Disease::DOID:8577,1,319,2,666,24
Compound::DB00620,Disease::DOID:986,1,262,31,530,1
Compound::DB00996,Disease::DOID:6364,1,548,1,167,32
Compound::DB00853,Disease::DOID:1319,1,255,1,272,12
Compound::DB00332,Disease::DOID:2841,1,208,8,277,41
Compound::DB00424,Disease::DOID:4989,1,218,12,150,8
Compound::DB00455,Disease::DOID:4481,1,89,3,87,20
Compound::DB00829,Disease::DOID:1826,1,281,26,506,25
Compound::DB00445,Disease::DOID:1612,1,1036,3,1115,44
Compound::DB00822,Disease::DOID:0050741,1,205,1,438,6
Compound::DB01033,Disease::DOID:8778,1,72,2,677,9
Compound::DB01248,Disease::DOID:10534,1,387,2,358,22
Compound::DB00180,Disease::DOID:4481,1,214,21,87,20
Compound::DB00252,Disease::DOID:1826,1,349,10,506,25
Compound::DB00997,Disease::DOID:3571,1,1064,2,234,12
Compound::DB01042,Disease::DOID:1192,1,130,3,207,23
Compound::DB00959,Disease::DOID:2377,1,260,26,283,34
Compound::DB01351,Disease::DOID:1826,1,61,4,506,25
Compound::DB01193,Disease::DOID:10763,1,136,11,699,73
Compound::DB00443,Disease::DOID:2841,1,657,12,277,41
Compound::DB00381,Disease::DOID:10763,1,275,6,699,73
Compound::DB00657,Disease::DOID:10763,1,47,1,699,73
Compound::DB00570,Disease::DOID:2994,1,593,1,324,13
Compound::DB01359,Disease::DOID:10763,1,52,3,699,73
Compound::DB00445,Disease::DOID:184,1,1036,3,255,6
Compound::DB08906,Disease::DOID:2841,1,77,13,277,41
Compound::DB00541,Disease::DOID:219,1,449,4,621,12
Compound::DB00694,Disease::DOID:2531,1,699,4,1076,53
Compound::DB00471,Disease::DOID:4481,1,145,1,87,20
Compound::DB00635,Disease::DOID:7148,1,311,10,868,38
Compound::DB00544,Disease::DOID:4159,1,208,2,154,19
Compound::DB00860,Disease::DOID:2377,1,189,18,283,34
Compound::DB00445,Disease::DOID:11054,1,1036,3,169,18
Compound::DB01234,Disease::DOID:2377,1,676,16,283,34
Compound::DB01168,Disease::DOID:1319,1,146,1,272,12
Compound::DB00282,Disease::DOID:5408,1,193,3,70,6
Compound::DB00783,Disease::DOID:11476,1,697,7,145,19
Compound::DB00816,Disease::DOID:2841,1,71,3,277,41
Compound::DB00860,Disease::DOID:8893,1,189,18,647,29
Compound::DB01265,Disease::DOID:2043,1,105,9,96,5
Compound::DB01030,Disease::DOID:1324,1,621,1,713,23
Compound::DB01101,Disease::DOID:5041,1,496,1,227,9
Compound::DB00603,Disease::DOID:363,1,436,20,144,15
Compound::DB00654,Disease::DOID:1319,0,74,3,272,12
Compound::DB00612,Disease::DOID:4481,0,231,5,87,20
Compound::DB00648,Disease::DOID:10941,0,135,9,123,1
Compound::DB00751,Disease::DOID:11819,0,31,8,16,7
Compound::DB01349,Disease::DOID:2596,0,5,5,39,3
Compound::DB01253,Disease::DOID:9835,0,60,0,153,3
Compound::DB08801,Disease::DOID:12361,0,12,19,74,2
Compound::DB00619,Disease::DOID:1319,0,410,2,272,12
Compound::DB00668,Disease::DOID:1115,0,112,18,212,32
Compound::DB00950,Disease::DOID:1826,0,84,10,506,25
Compound::DB08913,Disease::DOID:10534,0,21,0,358,22
Compound::DB01137,Disease::DOID:1192,0,526,11,207,23
Compound::DB00742,Disease::DOID:11934,0,139,3,239,10
Compound::DB00978,Disease::DOID:4045,0,220,2,120,17
Compound::DB00435,Disease::DOID:9352,0,32,1,328,30
Compound::DB00892,Disease::DOID:9970,0,13,1,544,14
Compound::DB00211,Disease::DOID:2986,0,80,1,966,0
Compound::DB00472,Disease::DOID:184,0,589,8,255,6
Compound::DB00299,Disease::DOID:9008,0,66,7,558,15
Compound::DB01251,Disease::DOID:1094,0,11,0,95,15
Compound::DB00284,Disease::DOID:14268,0,63,2,35,7
Compound::DB08954,Disease::DOID:5612,0,21,1,63,7
Compound::DB08936,Disease::DOID:2174,0,28,4,128,11
Compound::DB00644,Disease::DOID:3565,0,54,7,145,6
Compound::DB08884,Disease::DOID:3565,0,157,3,145,6
Compound::DB06817,Disease::DOID:2355,0,277,0,367,0
Compound::DB01354,Disease::DOID:9352,0,15,3,328,30
Compound::DB00219,Disease::DOID:1595,0,9,1,114,19
Compound::DB08847,Disease::DOID:11920,0,1,1,18,11
Compound::DB00906,Disease::DOID:8577,0,293,1,666,24
Compound::DB08987,Disease::DOID:1936,0,3,1,218,7
Compound::DB01184,Disease::DOID:0050742,0,73,7,535,5
Compound::DB01628,Disease::DOID:10976,0,274,0,37,4
Compound::DB00379,Disease::DOID:8893,0,123,0,647,29
Compound::DB01610,Disease::DOID:11555,0,222,5,22,0
Compound::DB00586,Disease::DOID:1909,0,456,5,931,13
Compound::DB00776,Disease::DOID:10283,0,322,25,660,32
Compound::DB00218,Disease::DOID:2994,0,450,1,324,13
Compound::DB06738,Disease::DOID:2394,0,11,0,376,17
Compound::DB00697,Disease::DOID:10871,0,250,4,95,1
Compound::DB01217,Disease::DOID:14227,0,183,0,544,1
Compound::DB01018,Disease::DOID:2994,0,115,4,324,13
Compound::DB01255,Disease::DOID:11054,0,90,12,169,18
Compound::DB00879,Disease::DOID:5559,0,147,3,62,7
Compound::DB00364,Disease::DOID:4606,0,17,1,71,0
Compound::DB01048,Disease::DOID:13241,0,142,2,102,0
Compound::DB00892,Disease::DOID:1993,0,13,1,65,10
Compound::DB00169,Disease::DOID:10871,0,18,8,95,1
Compound::DB00407,Disease::DOID:0050742,0,74,0,535,5
Compound::DB04843,Disease::DOID:4606,0,60,12,71,0
Compound::DB00229,Disease::DOID:1964,0,54,8,27,2
Compound::DB00523,Disease::DOID:2994,0,653,2,324,13
Compound::DB00810,Disease::DOID:3121,0,136,0,42,4
Compound::DB00309,Disease::DOID:11949,0,52,2,52,1
Compound::DB03147,Disease::DOID:0060073,0,26,3,9,9
Compound::DB00323,Disease::DOID:0050742,0,282,1,535,5
Compound::DB06290,Disease::DOID:10941,0,30,5,123,1
Compound::DB01015,Disease::DOID:119,0,132,20,24,15
Compound::DB00385,Disease::DOID:11714,0,55,3,46,1
Compound::DB00310,Disease::DOID:3953,0,87,3,99,0
Compound::DB00822,Disease::DOID:2377,0,205,1,283,34
Compound::DB00677,Disease::DOID:12236,0,3,0,101,7
Compound::DB08801,Disease::DOID:11819,0,12,19,16,7
Compound::DB00298,Disease::DOID:1245,0,3,1,28,13
Compound::DB00243,Disease::DOID:1964,0,127,10,27,2
Compound::DB00758,Disease::DOID:5408,0,351,2,70,6
Compound::DB01357,Disease::DOID:9074,0,19,5,227,28
Compound::DB00223,Disease::DOID:5559,0,105,15,62,7
Compound::DB08910,Disease::DOID:9008,0,118,0,558,15
Compound::DB00173,Disease::DOID:11714,0,10,0,46,1
Compound::DB00480,Disease::DOID:11555,0,516,1,22,0
Compound::DB01466,Disease::DOID:3312,0,15,0,164,23
Compound::DB01326,Disease::DOID:11239,0,28,6,29,0
Compound::DB00155,Disease::DOID:14227,0,19,5,544,1
Compound::DB04946,Disease::DOID:1595,0,181,2,114,19
Compound::DB06714,Disease::DOID:12306,0,2,0,65,8
Compound::DB00449,Disease::DOID:2998,0,26,0,60,24
Compound::DB00681,Disease::DOID:12365,0,350,1,588,12
Compound::DB06709,Disease::DOID:3953,0,34,0,99,0
Compound::DB06827,Disease::DOID:9206,0,2,1,539,2
Compound::DB00473,Disease::DOID:8577,0,10,8,666,24
Compound::DB00568,Disease::DOID:0050425,0,33,12,49,16
Compound::DB06216,Disease::DOID:119,0,153,2,24,15
Compound::DB06637,Disease::DOID:5041,0,85,0,227,9
Compound::DB00434,Disease::DOID:14221,0,177,14,130,5
Compound::DB00456,Disease::DOID:9206,0,44,26,539,2
Compound::DB00538,Disease::DOID:9970,0,206,1,544,14
Compound::DB00672,Disease::DOID:9744,0,55,4,209,5
Compound::DB00193,Disease::DOID:7693,0,661,2,581,1
Compound::DB00966,Disease::DOID:10652,0,221,1,763,9
Compound::DB08816,Disease::DOID:1790,0,127,6,42,3
Compound::DB01320,Disease::DOID:7148,0,224,4,868,38
Compound::DB01544,Disease::DOID:9917,0,61,21,0,0
Compound::DB00657,Disease::DOID:9206,0,47,1,539,2
Compound::DB00846,Disease::DOID:1993,0,95,16,65,10
Compound::DB00275,Disease::DOID:11555,0,180,1,22,0
Compound::DB08860,Disease::DOID:9917,0,510,2,0,0
Compound::DB00898,Disease::DOID:9296,0,15,0,117,0
Compound::DB00413,Disease::DOID:5559,0,666,0,62,7
Compound::DB00655,Disease::DOID:10608,0,110,5,94,2
Compound::DB01331,Disease::DOID:9074,0,71,5,227,28
Compound::DB00216,Disease::DOID:90,0,280,2,28,0
Compound::DB06772,Disease::DOID:4159,0,157,1,154,19
Compound::DB04575,Disease::DOID:6364,0,7,10,167,32
Compound::DB01250,Disease::DOID:12236,0,12,2,101,7
Compound::DB04843,Disease::DOID:11476,0,60,12,145,19
Compound::DB00412,Disease::DOID:3070,0,143,7,294,4
Compound::DB00402,Disease::DOID:8577,0,282,1,666,24
Compound::DB00177,Disease::DOID:12361,0,130,2,74,2
Compound::DB01025,Disease::DOID:6364,0,24,1,167,32
Compound::DB01421,Disease::DOID:7693,0,16,6,581,1
Compound::DB00942,Disease::DOID:2994,0,6,4,324,13
Compound::DB00921,Disease::DOID:10153,0,248,5,27,6
Compound::DB00948,Disease::DOID:1324,0,0,24,713,23
Compound::DB00904,Disease::DOID:8850,0,158,2,168,7
Compound::DB00830,Disease::DOID:4606,0,6,1,71,0
Compound::DB00321,Disease::DOID:1612,0,229,4,1115,44
Compound::DB08983,Disease::DOID:10871,0,2,2,95,1
Compound::DB04842,Disease::DOID:9917,0,80,7,0,0
Compound::DB01593,Disease::DOID:14221,0,3,0,130,5
Compound::DB01168,Disease::DOID:1192,0,146,1,207,23
Compound::DB00790,Disease::DOID:2394,0,255,4,376,17
Compound::DB00586,Disease::DOID:10608,0,456,5,94,2
Compound::DB05389,Disease::DOID:1324,0,13,0,713,23
Compound::DB00968,Disease::DOID:11934,0,211,1,239,10
Compound::DB00534,Disease::DOID:14004,0,23,0,60,2
Compound::DB01183,Disease::DOID:0050425,0,80,2,49,16
Compound::DB01017,Disease::DOID:13223,0,12,9,450,20
Compound::DB00528,Disease::DOID:5041,0,182,3,227,9
Compound::DB01407,Disease::DOID:2998,0,21,3,60,24
Compound::DB00120,Disease::DOID:1964,0,16,30,27,2
Compound::DB01007,Disease::DOID:2377,0,12,4,283,34
Compound::DB00223,Disease::DOID:1319,0,105,15,272,12
Compound::DB00882,Disease::DOID:8778,0,390,9,677,9
Compound::DB01241,Disease::DOID:10534,0,151,2,358,22
Compound::DB01073,Disease::DOID:5408,0,152,13,70,6
Compound::DB00284,Disease::DOID:12185,0,63,2,58,1
Compound::DB01211,Disease::DOID:10021,0,293,7,45,4
Compound::DB00332,Disease::DOID:11119,0,208,8,54,9
Compound::DB01436,Disease::DOID:3393,0,17,5,595,40
Compound::DB06147,Disease::DOID:10976,0,26,12,37,4
Compound::DB01159,Disease::DOID:11476,0,43,1,145,19
Compound::DB00169,Disease::DOID:4159,0,18,8,154,19
Compound::DB00481,Disease::DOID:635,0,608,0,591,14
Compound::DB06706,Disease::DOID:4606,0,11,0,71,0
Compound::DB00756,Disease::DOID:10652,0,30,0,763,9
Compound::DB00252,Disease::DOID:14268,0,349,10,35,7
Compound::DB00363,Disease::DOID:10608,0,55,22,94,2
Compound::DB00797,Disease::DOID:11615,0,14,9,26,3
Compound::DB01029,Disease::DOID:9008,0,268,4,558,15
Compound::DB01042,Disease::DOID:2998,0,130,3,60,24
Compound::DB00631,Disease::DOID:1793,0,347,6,695,21
Compound::DB04861,Disease::DOID:2394,0,55,0,376,17
Compound::DB01366,Disease::DOID:9835,0,83,2,153,3
Compound::DB00233,Disease::DOID:3083,0,80,2,619,16
Compound::DB00850,Disease::DOID:1459,0,239,8,104,5
Compound::DB00343,Disease::DOID:2986,0,261,14,966,0
Compound::DB00497,Disease::DOID:3312,0,316,9,164,23
Compound::DB01150,Disease::DOID:90,0,69,15,28,0
Compound::DB01346,Disease::DOID:10608,0,231,2,94,2
Compound::DB02638,Disease::DOID:9835,0,57,4,153,3
Compound::DB08911,Disease::DOID:10153,0,442,0,27,6
Compound::DB08884,Disease::DOID:9296,0,157,3,117,0
Compound::DB00792,Disease::DOID:12995,0,13,23,25,8
Compound::DB00145,Disease::DOID:90,0,75,4,28,0
Compound::DB01125,Disease::DOID:1793,0,6,2,695,21
Compound::DB00593,Disease::DOID:0060073,0,84,2,9,9
Compound::DB00914,Disease::DOID:13378,0,12,7,47,2
Compound::DB01148,Disease::DOID:9352,0,38,2,328,30
Compound::DB00217,Disease::DOID:3565,0,18,2,145,6
Compound::DB06201,Disease::DOID:3312,0,104,0,164,23
Compound::DB00707,Disease::DOID:1319,0,3,2,272,12
Compound::DB00284,Disease::DOID:1964,0,63,2,27,2
Compound::DB00565,Disease::DOID:4481,0,54,2,87,20
Compound::DB04573,Disease::DOID:11555,0,265,8,22,0
Compound::DB01149,Disease::DOID:1993,0,309,4,65,10
Compound::DB01142,Disease::DOID:3083,0,331,8,619,16
Compound::DB06770,Disease::DOID:9970,0,31,22,544,14
Compound::DB01414,Disease::DOID:2355,0,15,8,367,0
Compound::DB00977,Disease::DOID:0060073,0,192,1,9,9
Compound::DB01324,Disease::DOID:13241,0,49,4,102,0
Compound::DB00940,Disease::DOID:0050156,0,7,2,531,2
Compound::DB00618,Disease::DOID:4606,0,6,4,71,0
Compound::DB00717,Disease::DOID:1115,0,282,9,212,32
Compound::DB00277,Disease::DOID:9352,0,117,1,328,30
Compound::DB01202,Disease::DOID:5875,0,212,1,49,15
Compound::DB00563,Disease::DOID:3571,0,517,3,234,12
Compound::DB01033,Disease::DOID:6364,0,72,2,167,32
Compound::DB01127,Disease::DOID:986,0,24,2,530,1
Compound::DB01415,Disease::DOID:2986,0,80,3,966,0
Compound::DB01609,Disease::DOID:13223,0,5,5,450,20
Compound::DB01375,Disease::DOID:10534,0,53,0,358,22
Compound::DB06216,Disease::DOID:418,0,153,2,614,32
Compound::DB00458,Disease::DOID:1993,0,213,36,65,10
Compound::DB00806,Disease::DOID:1936,0,130,4,218,7
Compound::DB00231,Disease::DOID:11555,0,145,4,22,0
Compound::DB00945,Disease::DOID:10153,0,118,2,27,6
Compound::DB00529,Disease::DOID:1094,0,184,2,95,15
Compound::DB00749,Disease::DOID:4481,0,199,1,87,20
Compound::DB01182,Disease::DOID:263,0,353,8,777,21
Compound::DB01303,Disease::DOID:1781,0,13,3,89,16
Compound::DB01039,Disease::DOID:3121,0,243,6,42,4
Compound::DB00849,Disease::DOID:9008,0,17,8,558,15
Compound::DB08860,Disease::DOID:219,0,510,2,621,12
Compound::DB00647,Disease::DOID:8986,0,102,30,64,5
Compound::DB08834,Disease::DOID:784,0,4,0,219,12
Compound::DB00690,Disease::DOID:418,0,105,17,614,32
Compound::DB01336,Disease::DOID:5408,0,6,0,70,6
Compound::DB00482,Disease::DOID:216,0,378,2,44,0
Compound::DB01203,Disease::DOID:219,0,111,8,621,12
Compound::DB01656,Disease::DOID:263,0,74,1,777,21
Compound::DB01242,Disease::DOID:1909,0,468,16,931,13
Compound::DB00801,Disease::DOID:12306,0,27,17,65,8
Compound::DB04948,Disease::DOID:4159,0,3,2,154,19
Compound::DB01193,Disease::DOID:2377,0,136,11,283,34
Compound::DB00253,Disease::DOID:7147,0,74,4,246,19
Compound::DB04877,Disease::DOID:5041,0,7,1,227,9
Compound::DB00755,Disease::DOID:0050742,0,667,1,535,5
Compound::DB00686,Disease::DOID:0050425,0,92,1,49,16
Compound::DB00375,Disease::DOID:3571,0,72,1,234,12
Compound::DB01220,Disease::DOID:1612,0,146,4,1115,44
Compound::DB00854,Disease::DOID:2043,0,151,2,96,5
Compound::DB01131,Disease::DOID:1024,0,37,1,84,3
Compound::DB00576,Disease::DOID:0060119,0,39,0,120,6
Compound::DB01054,Disease::DOID:10652,0,31,9,763,9
Compound::DB00231,Disease::DOID:6364,0,145,4,167,32
Compound::DB06813,Disease::DOID:3083,0,46,3,619,16
Compound::DB00984,Disease::DOID:3277,0,8,6,61,6
Compound::DB00579,Disease::DOID:9917,0,19,0,0,0
Compound::DB00641,Disease::DOID:0060073,0,572,2,9,9
Compound::DB01130,Disease::DOID:1324,0,48,20,713,23
Compound::DB00156,Disease::DOID:219,0,8,3,621,12
Compound::DB01120,Disease::DOID:10871,0,295,2,95,1
Compound::DB06402,Disease::DOID:9008,0,22,2,558,15
Compound::DB00648,Disease::DOID:9074,0,135,9,227,28
Compound::DB00403,Disease::DOID:3121,0,7,0,42,4
Compound::DB06196,Disease::DOID:3953,0,12,2,99,0
Compound::DB01620,Disease::DOID:175,0,35,5,55,15
Compound::DB00359,Disease::DOID:1312,0,98,5,58,3
Compound::DB00429,Disease::DOID:1094,0,100,2,95,15
Compound::DB00963,Disease::DOID:0060073,0,68,3,9,9
Compound::DB00576,Disease::DOID:14227,0,39,0,544,1
Compound::DB08808,Disease::DOID:14268,0,5,10,35,7
Compound::DB08957,Disease::DOID:12306,0,5,0,65,8
Compound::DB04572,Disease::DOID:5612,0,227,1,63,7
Compound::DB00171,Disease::DOID:0050425,0,44,2,49,16
Compound::DB00227,Disease::DOID:10153,0,353,1,27,6
Compound::DB01325,Disease::DOID:14330,0,18,1,765,30
Compound::DB00230,Disease::DOID:9296,0,849,0,117,0
Compound::DB08893,Disease::DOID:1612,0,85,3,1115,44
Compound::DB00704,Disease::DOID:10534,0,294,4,358,22
Compound::DB01126,Disease::DOID:90,0,52,0,28,0
Compound::DB00128,Disease::DOID:9970,0,26,9,544,14
Compound::DB04839,Disease::DOID:2596,0,206,0,39,3
Compound::DB08896,Disease::DOID:1319,0,115,3,272,12
Compound::DB01178,Disease::DOID:10534,0,14,0,358,22
Compound::DB00351,Disease::DOID:9970,0,10,14,544,14
Compound::DB06714,Disease::DOID:10871,0,2,0,95,1
Compound::DB01219,Disease::DOID:1781,0,108,4,89,16
Compound::DB01173,Disease::DOID:8577,0,58,41,666,24
Compound::DB06402,Disease::DOID:5408,0,22,2,70,6
Compound::DB01606,Disease::DOID:10021,0,0,1,45,4
Compound::DB01159,Disease::DOID:3277,0,43,1,61,6
Compound::DB06701,Disease::DOID:9074,0,339,6,227,28
Compound::DB04842,Disease::DOID:10153,0,80,7,27,6
Compound::DB00530,Disease::DOID:1993,0,331,1,65,10
Compound::DB08982,Disease::DOID:418,0,0,0,614,32
Compound::DB00334,Disease::DOID:10811,0,58,2,4,0
Compound::DB01423,Disease::DOID:363,0,0,1,144,15
Compound::DB00528,Disease::DOID:5419,0,182,3,810,34
Compound::DB00591,Disease::DOID:11612,0,216,24,733,10
Compound::DB06772,Disease::DOID:8986,0,157,1,64,5
Compound::DB06150,Disease::DOID:5612,0,18,10,63,7
Compound::DB00628,Disease::DOID:3310,0,32,27,106,21
Compound::DB00344,Disease::DOID:1793,0,139,11,695,21
Compound::DB01143,Disease::DOID:14221,0,67,0,130,5
Compound::DB01026,Disease::DOID:11920,0,174,7,18,11
Compound::DB01254,Disease::DOID:8398,0,853,0,125,28
Compound::DB04570,Disease::DOID:13223,0,16,0,450,20
Compound::DB00297,Disease::DOID:1790,0,230,7,42,3
Compound::DB00160,Disease::DOID:12306,0,16,12,65,8
Compound::DB00284,Disease::DOID:7147,0,63,2,246,19
Compound::DB06290,Disease::DOID:0050156,0,30,5,531,2
Compound::DB09017,Disease::DOID:14268,0,1,9,35,7
Compound::DB08802,Disease::DOID:2841,0,1,23,277,41
Compound::DB00140,Disease::DOID:10763,0,13,0,699,73
Compound::DB00278,Disease::DOID:0060119,0,79,1,120,6
Compound::DB01198,Disease::DOID:3083,0,284,0,619,16
Compound::DB00384,Disease::DOID:13241,0,40,2,102,0
Compound::DB00159,Disease::DOID:594,0,42,1,49,21
Compound::DB00879,Disease::DOID:5099,0,147,3,1,0
Compound::DB00806,Disease::DOID:13241,0,130,4,102,0
Compound::DB00203,Disease::DOID:4159,0,369,0,154,19
Compound::DB00482,Disease::DOID:2994,0,378,2,324,13
Compound::DB04894,Disease::DOID:175,0,12,1,55,15
Compound::DB00139,Disease::DOID:5559,0,30,1,62,7
Compound::DB00394,Disease::DOID:175,0,99,1,55,15
Compound::DB01595,Disease::DOID:11934,0,157,4,239,10
Compound::DB00330,Disease::DOID:4481,0,66,0,87,20
Compound::DB01019,Disease::DOID:824,0,37,5,168,1
Compound::DB00627,Disease::DOID:10976,0,194,3,37,4
Compound::DB00530,Disease::DOID:4481,0,331,1,87,20
Compound::DB00292,Disease::DOID:2043,0,35,6,96,5
Compound::DB00456,Disease::DOID:1826,0,44,26,506,25
Compound::DB00709,Disease::DOID:5041,0,246,2,227,9
Compound::DB00864,Disease::DOID:2596,0,601,3,39,3
Compound::DB00632,Disease::DOID:184,0,9,2,255,6
Compound::DB00752,Disease::DOID:3070,0,104,7,294,4
Compound::DB00714,Disease::DOID:11819,0,73,0,16,7
Compound::DB00625,Disease::DOID:3953,0,271,7,99,0
Compound::DB01623,Disease::DOID:14227,0,214,5,544,1
Compound::DB08808,Disease::DOID:3571,0,5,10,234,12
Compound::DB00875,Disease::DOID:3565,0,9,5,145,6
Compound::DB01428,Disease::DOID:9074,0,20,3,227,28
Compound::DB01142,Disease::DOID:1612,0,331,8,1115,44
Compound::DB00726,Disease::DOID:2394,0,173,0,376,17
Compound::DB01579,Disease::DOID:10871,0,34,6,95,1
Compound::DB00348,Disease::DOID:11615,0,63,2,26,3
Compound::DB00850,Disease::DOID:10941,0,239,8,123,1
Compound::DB00950,Disease::DOID:5041,0,84,10,227,9
Compound::DB00561,Disease::DOID:1245,0,69,12,28,13
Compound::DB00775,Disease::DOID:1192,0,36,1,207,23
Compound::DB01022,Disease::DOID:13189,0,31,3,44,11
Compound::DB00674,Disease::DOID:12185,0,215,2,58,1
Compound::DB00287,Disease::DOID:7148,0,190,4,868,38
Compound::DB00692,Disease::DOID:5559,0,56,1,62,7
Compound::DB00497,Disease::DOID:0050156,0,316,9,531,2
Compound::DB00334,Disease::DOID:11615,0,58,2,26,3
Compound::DB00892,Disease::DOID:1936,0,13,1,218,7
Compound::DB00364,Disease::DOID:1595,0,17,1,114,19
Compound::DB01261,Disease::DOID:635,0,182,1,591,14
Compound::DB01589,Disease::DOID:12849,0,34,15,321,10
Compound::DB01427,Disease::DOID:363,0,4,2,144,15
Compound::DB00145,Disease::DOID:2394,0,75,4,376,17
Compound::DB01289,Disease::DOID:11920,0,5,7,18,11
Compound::DB00996,Disease::DOID:418,0,548,1,614,32
Compound::DB00955,Disease::DOID:4045,0,0,2,120,17
Compound::DB00473,Disease::DOID:3083,0,10,8,619,16
Compound::DB00867,Disease::DOID:5612,0,19,6,63,7
Compound::DB00795,Disease::DOID:2394,0,26,6,376,17
Compound::DB01298,Disease::DOID:332,0,11,6,634,5
Compound::DB01601,Disease::DOID:12185,0,17,2,58,1
Compound::DB00844,Disease::DOID:119,0,99,7,24,15
Compound::DB04930,Disease::DOID:10534,0,22,3,358,22
Compound::DB00609,Disease::DOID:12849,0,53,0,321,10
Compound::DB00139,Disease::DOID:8986,0,30,1,64,5
Compound::DB00590,Disease::DOID:1826,0,270,3,506,25
Compound::DB01173,Disease::DOID:11555,0,58,41,22,0
Compound::DB00995,Disease::DOID:0050156,0,115,0,531,2
Compound::DB00808,Disease::DOID:263,0,257,4,777,21
Compound::DB06216,Disease::DOID:9744,0,153,2,209,5
Compound::DB00186,Disease::DOID:4045,0,140,27,120,17
Compound::DB08827,Disease::DOID:635,0,129,6,591,14
Compound::DB00427,Disease::DOID:14227,0,13,1,544,1
Compound::DB06698,Disease::DOID:10763,0,56,0,699,73
Compound::DB00667,Disease::DOID:10811,0,172,2,4,0
Compound::DB00280,Disease::DOID:9074,0,137,5,227,28
Compound::DB00454,Disease::DOID:14330,0,108,12,765,30
Compound::DB01122,Disease::DOID:3310,0,2,0,106,21
Compound::DB00331,Disease::DOID:2986,0,228,1,966,0
Compound::DB00897,Disease::DOID:9744,0,132,25,209,5
Compound::DB00634,Disease::DOID:12236,0,42,14,101,7
Compound::DB01148,Disease::DOID:0050156,0,38,2,531,2
Compound::DB01262,Disease::DOID:11612,0,239,18,733,10
Compound::DB00857,Disease::DOID:5419,0,397,3,810,34
Compound::DB01199,Disease::DOID:2994,0,38,1,324,13
Compound::DB00655,Disease::DOID:1993,0,110,5,65,10
Compound::DB00687,Disease::DOID:8893,0,121,0,647,29
Compound::DB01132,Disease::DOID:11054,0,135,4,169,18
Compound::DB01263,Disease::DOID:11612,0,460,4,733,10
Compound::DB00700,Disease::DOID:11920,0,152,8,18,11
Compound::DB01068,Disease::DOID:10652,0,330,7,763,9
Compound::DB00156,Disease::DOID:2994,0,8,3,324,13
Compound::DB00307,Disease::DOID:5041,0,295,1,227,9
Compound::DB03166,Disease::DOID:3310,0,11,0,106,21
Compound::DB08874,Disease::DOID:9206,0,39,1,539,2
Compound::DB00566,Disease::DOID:1725,0,61,1,43,12
Compound::DB00871,Disease::DOID:13499,0,46,0,25,7
Compound::DB00254,Disease::DOID:8986,0,18,2,64,5
Compound::DB01178,Disease::DOID:0050741,0,14,0,438,6
Compound::DB00929,Disease::DOID:11819,0,128,3,16,7
Compound::DB01275,Disease::DOID:10941,0,95,1,123,1
Compound::DB00961,Disease::DOID:3571,0,80,3,234,12
Compound::DB00515,Disease::DOID:3312,0,202,1,164,23
Compound::DB08811,Disease::DOID:4045,0,7,1,120,17
Compound::DB00137,Disease::DOID:9744,0,1,0,209,5
Compound::DB01023,Disease::DOID:8398,0,145,5,125,28
Compound::DB04840,Disease::DOID:11819,0,4,0,16,7
Compound::DB08828,Disease::DOID:3571,0,67,4,234,12
Compound::DB00531,Disease::DOID:4481,0,341,0,87,20
Compound::DB00277,Disease::DOID:1781,0,117,1,89,16
Compound::DB06614,Disease::DOID:11119,0,0,1,54,9
Compound::DB01619,Disease::DOID:1612,0,9,7,1115,44
Compound::DB00756,Disease::DOID:8778,0,30,0,677,9
Compound::DB08823,Disease::DOID:12185,0,0,0,58,1
Compound::DB00927,Disease::DOID:9835,0,143,1,153,3
Compound::DB01242,Disease::DOID:8778,0,468,16,677,9
Compound::DB00418,Disease::DOID:12306,0,56,10,65,8
Compound::DB00606,Disease::DOID:13241,0,6,9,102,0
Compound::DB04837,Disease::DOID:2994,0,42,7,324,13
Compound::DB03255,Disease::DOID:1115,0,12,7,212,32
Compound::DB00960,Disease::DOID:4159,0,193,6,154,19
Compound::DB00278,Disease::DOID:8850,0,79,1,168,7
Compound::DB00317,Disease::DOID:11920,0,288,3,18,11
Compound::DB00761,Disease::DOID:13499,0,59,1,25,7
Compound::DB00971,Disease::DOID:2596,0,0,0,39,3
Compound::DB00573,Disease::DOID:11714,0,133,1,46,1
Compound::DB01099,Disease::DOID:12236,0,84,1,101,7
Compound::DB01615,Disease::DOID:13241,0,11,23,102,0
Compound::DB01207,Disease::DOID:13378,0,2,3,47,2
Compound::DB01361,Disease::DOID:13378,0,12,5,47,2
Compound::DB01217,Disease::DOID:1319,0,183,0,272,12
Compound::DB08994,Disease::DOID:3277,0,6,0,61,6
Compound::DB01501,Disease::DOID:0060119,0,11,5,120,6
Compound::DB08865,Disease::DOID:3070,0,685,6,294,4
Compound::DB04786,Disease::DOID:5875,0,61,0,49,15
Compound::DB01132,Disease::DOID:14227,0,135,4,544,1
Compound::DB00894,Disease::DOID:2043,0,35,10,96,5
Compound::DB01406,Disease::DOID:2994,0,283,20,324,13
Compound::DB00974,Disease::DOID:9206,0,63,3,539,2
Compound::DB00939,Disease::DOID:5875,0,63,7,49,15
Compound::DB06777,Disease::DOID:1790,0,240,3,42,3
Compound::DB00900,Disease::DOID:5408,0,107,3,70,6
Compound::DB01200,Disease::DOID:3121,0,212,7,42,4
Compound::DB06212,Disease::DOID:11239,0,79,3,29,0
Compound::DB00337,Disease::DOID:3393,0,131,1,595,40
Compound::DB00624,Disease::DOID:10153,0,497,32,27,6
Compound::DB06268,Disease::DOID:4606,0,422,0,71,0
Compound::DB00942,Disease::DOID:10811,0,6,4,4,0
Compound::DB01604,Disease::DOID:363,0,20,2,144,15
Compound::DB00641,Disease::DOID:11119,0,572,2,54,9
Compound::DB00162,Disease::DOID:8577,0,106,3,666,24
Compound::DB00804,Disease::DOID:5875,0,110,0,49,15
Compound::DB00550,Disease::DOID:6364,0,78,1,167,32
Compound::DB00910,Disease::DOID:9744,0,202,4,209,5
Compound::DB00464,Disease::DOID:0060073,0,21,0,9,9
Compound::DB00172,Disease::DOID:2377,0,23,0,283,34
Compound::DB01622,Disease::DOID:11934,0,67,4,239,10
Compound::DB00656,Disease::DOID:1790,0,234,13,42,3
Compound::DB00923,Disease::DOID:9008,0,58,15,558,15
Compound::DB06706,Disease::DOID:13499,0,11,0,25,7
Compound::DB01156,Disease::DOID:216,0,565,3,44,0
Compound::DB00225,Disease::DOID:1312,0,110,5,58,3
Compound::DB00731,Disease::DOID:11119,0,77,4,54,9
Compound::DB01016,Disease::DOID:10153,0,176,11,27,6
Compound::DB00167,Disease::DOID:418,0,6,7,614,32
Compound::DB00185,Disease::DOID:11714,0,449,1,46,1
Compound::DB01102,Disease::DOID:8398,0,14,2,125,28
Compound::DB00192,Disease::DOID:5559,0,11,4,62,7
Compound::DB00681,Disease::DOID:10021,0,350,1,45,4
Compound::DB00292,Disease::DOID:10811,0,35,6,4,0
Compound::DB00631,Disease::DOID:12849,0,347,6,321,10
Compound::DB05245,Disease::DOID:10871,0,4,14,95,1
Compound::DB08913,Disease::DOID:0060073,0,21,0,9,9
Compound::DB01218,Disease::DOID:11819,0,65,1,16,7
Compound::DB01282,Disease::DOID:8398,0,2,6,125,28
Compound::DB00348,Disease::DOID:1964,0,63,2,27,2
Compound::DB01622,Disease::DOID:12995,0,67,4,25,8
Compound::DB01325,Disease::DOID:13378,0,18,1,47,2
Compound::DB01032,Disease::DOID:9970,0,70,4,544,14
Compound::DB00877,Disease::DOID:9917,0,842,3,0,0
Compound::DB00229,Disease::DOID:5099,0,54,8,1,0
Compound::DB05266,Disease::DOID:14004,0,11,0,60,2
Compound::DB00972,Disease::DOID:10941,0,185,2,123,1
Compound::DB00653,Disease::DOID:585,0,23,0,59,2
Compound::DB00813,Disease::DOID:9206,0,561,8,539,2
Compound::DB00719,Disease::DOID:5099,0,8,8,1,0
Compound::DB00300,Disease::DOID:2043,0,135,4,96,5
Compound::DB01083,Disease::DOID:10941,0,212,2,123,1
Compound::DB00638,Disease::DOID:5612,0,0,0,63,7
Compound::DB01018,Disease::DOID:219,0,115,4,621,12
Compound::DB00680,Disease::DOID:5408,0,30,0,70,6
Compound::DB06710,Disease::DOID:9970,0,85,26,544,14
Compound::DB00876,Disease::DOID:10608,0,151,1,94,2
Compound::DB00231,Disease::DOID:5099,0,145,4,1,0
Compound::DB00972,Disease::DOID:11119,0,185,2,54,9
Compound::DB00367,Disease::DOID:11054,0,583,10,169,18
Compound::DB08804,Disease::DOID:7147,0,51,11,246,19
Compound::DB00687,Disease::DOID:1319,0,121,0,272,12
Compound::DB00125,Disease::DOID:12849,0,49,7,321,10
Compound::DB00339,Disease::DOID:8778,0,54,0,677,9
Compound::DB00968,Disease::DOID:9074,0,211,1,227,28
Compound::DB00509,Disease::DOID:9970,0,101,1,544,14
Compound::DB00343,Disease::DOID:5041,0,261,14,227,9
Compound::DB00589,Disease::DOID:4159,0,91,2,154,19
Compound::DB06268,Disease::DOID:12365,0,422,0,588,12
Compound::DB05265,Disease::DOID:3953,0,1,0,99,0
Compound::DB01416,Disease::DOID:10283,0,198,22,660,32
Compound::DB01239,Disease::DOID:14330,0,79,20,765,30
Compound::DB00493,Disease::DOID:7147,0,73,24,246,19
Compound::DB06696,Disease::DOID:7148,0,4,3,868,38
Compound::DB00322,Disease::DOID:824,0,153,2,168,1
Compound::DB00134,Disease::DOID:119,0,25,2,24,15
Compound::DB01124,Disease::DOID:332,0,65,2,634,5
Compound::DB01065,Disease::DOID:8850,0,172,3,168,7
Compound::DB00394,Disease::DOID:3393,0,99,1,595,40
Compound::DB08932,Disease::DOID:11819,0,23,0,16,7
Compound::DB08887,Disease::DOID:8893,0,113,3,647,29
Compound::DB00845,Disease::DOID:10608,0,63,0,94,2
Compound::DB04843,Disease::DOID:3121,0,60,12,42,4
Compound::DB01198,Disease::DOID:13189,0,284,0,44,11
Compound::DB00708,Disease::DOID:8850,0,45,1,168,7
Compound::DB08847,Disease::DOID:4989,0,1,1,150,8
Compound::DB00712,Disease::DOID:9296,0,292,15,117,0
Compound::DB01589,Disease::DOID:1115,0,34,15,212,32
Compound::DB00177,Disease::DOID:635,0,130,2,591,14
Compound::DB01580,Disease::DOID:14227,0,51,12,544,1
Compound::DB00544,Disease::DOID:0050741,0,208,2,438,6
Compound::DB00360,Disease::DOID:1094,0,70,1,95,15
Compound::DB01232,Disease::DOID:10976,0,412,4,37,4
Compound::DB00290,Disease::DOID:11615,0,114,0,26,3
Compound::DB00940,Disease::DOID:8893,0,7,2,647,29
Compound::DB04840,Disease::DOID:12236,0,4,0,101,7
Compound::DB00722,Disease::DOID:10811,0,283,1,4,0
Compound::DB00413,Disease::DOID:6364,0,666,0,167,32
Compound::DB00803,Disease::DOID:216,0,2,1,44,0
Compound::DB06712,Disease::DOID:9917,0,16,7,0,0
Compound::DB00541,Disease::DOID:90,0,449,4,28,0
Compound::DB01616,Disease::DOID:1595,0,14,11,114,19
Compound::DB01089,Disease::DOID:4481,0,3,3,87,20
Compound::DB06402,Disease::DOID:1324,0,22,2,713,23
Compound::DB00132,Disease::DOID:10283,0,61,0,660,32
Compound::DB00871,Disease::DOID:1245,0,46,0,28,13
Compound::DB00684,Disease::DOID:10941,0,186,1,123,1
Compound::DB01231,Disease::DOID:3083,0,19,20,619,16
Compound::DB08815,Disease::DOID:12930,0,160,1,113,5
Compound::DB00801,Disease::DOID:363,0,27,17,144,15
Compound::DB06718,Disease::DOID:12849,0,15,7,321,10
Compound::DB00316,Disease::DOID:13223,0,222,2,450,20
Compound::DB00896,Disease::DOID:5099,0,80,2,1,0
Compound::DB04894,Disease::DOID:11920,0,12,1,18,11
Compound::DB01066,Disease::DOID:9296,0,13,5,117,0
Compound::DB00624,Disease::DOID:1612,0,497,32,1115,44
Compound::DB00191,Disease::DOID:3083,0,74,9,619,16
Compound::DB06730,Disease::DOID:0060073,0,5,7,9,9
Compound::DB01291,Disease::DOID:635,0,67,2,591,14
Compound::DB01123,Disease::DOID:1793,0,1,0,695,21
Compound::DB06717,Disease::DOID:10811,0,158,2,4,0
Compound::DB08795,Disease::DOID:4481,0,12,14,87,20
Compound::DB05521,Disease::DOID:635,0,78,6,591,14
Compound::DB00472,Disease::DOID:11949,0,589,8,52,1
Compound::DB08834,Disease::DOID:10811,0,4,0,4,0
Compound::DB01394,Disease::DOID:1319,0,184,2,272,12
Compound::DB01437,Disease::DOID:10763,0,10,4,699,73
Compound::DB01256,Disease::DOID:5041,0,1,1,227,9
Compound::DB00199,Disease::DOID:8893,0,92,4,647,29
Compound::DB00509,Disease::DOID:10021,0,101,1,45,4
Compound::DB00263,Disease::DOID:1781,0,10,12,89,16
Compound::DB00981,Disease::DOID:5559,0,9,0,62,7
Compound::DB00970,Disease::DOID:5559,0,590,0,62,7
Compound::DB01253,Disease::DOID:3565,0,60,0,145,6
Compound::DB01115,Disease::DOID:8850,0,337,8,168,7
Compound::DB00709,Disease::DOID:10608,0,246,2,94,2
Compound::DB08983,Disease::DOID:4045,0,2,2,120,17
Compound::DB09018,Disease::DOID:1115,0,1,4,212,32
Compound::DB00093,Disease::DOID:9917,0,7,3,0,0
Compound::DB00598,Disease::DOID:2394,0,139,22,376,17
Compound::DB00165,Disease::DOID:7147,0,8,1,246,19
Compound::DB00489,Disease::DOID:2355,0,143,1,367,0
Compound::DB01298,Disease::DOID:11239,0,11,6,29,0
Compound::DB00873,Disease::DOID:4606,0,14,22,71,0
Compound::DB00304,Disease::DOID:2043,0,58,3,96,5
Compound::DB01598,Disease::DOID:3070,0,6,0,294,4
Compound::DB06589,Disease::DOID:1094,0,400,4,95,15
Compound::DB00638,Disease::DOID:12365,0,0,0,588,12
Compound::DB00091,Disease::DOID:2531,0,861,2,1076,53
Compound::DB00287,Disease::DOID:1312,0,190,4,58,3
Compound::DB01111,Disease::DOID:1595,0,85,3,114,19
Compound::DB00556,Disease::DOID:2355,0,144,2,367,0
Compound::DB01181,Disease::DOID:7148,0,332,2,868,38
Compound::DB00723,Disease::DOID:824,0,6,0,168,1
Compound::DB00984,Disease::DOID:11555,0,8,6,22,0
Compound::DB00688,Disease::DOID:1793,0,647,0,695,21
Compound::DB00192,Disease::DOID:1459,0,11,4,104,5
Compound::DB00218,Disease::DOID:1612,0,450,1,1115,44
Compound::DB00891,Disease::DOID:9206,0,25,1,539,2
Compound::DB00498,Disease::DOID:10153,0,7,22,27,6
Compound::DB06775,Disease::DOID:10534,0,36,10,358,22
Compound::DB02187,Disease::DOID:1312,0,12,4,58,3
Compound::DB00768,Disease::DOID:5408,0,127,12,70,6
Compound::DB01140,Disease::DOID:0060073,0,89,7,9,9
Compound::DB00313,Disease::DOID:12185,0,360,2,58,1
Compound::DB00147,Disease::DOID:14221,0,2,0,130,5
Compound::DB00347,Disease::DOID:216,0,74,2,44,0
Compound::DB00135,Disease::DOID:11476,0,16,3,145,19
Compound::DB00953,Disease::DOID:986,0,181,6,530,1
Compound::DB00375,Disease::DOID:14268,0,72,1,35,7
Compound::DB01255,Disease::DOID:635,0,90,12,591,14
Compound::DB01011,Disease::DOID:8577,0,33,2,666,24
Compound::DB00595,Disease::DOID:0060073,0,4,10,9,9
Compound::DB01394,Disease::DOID:1612,0,184,2,1115,44
Compound::DB00232,Disease::DOID:11934,0,68,2,239,10
Compound::DB01061,Disease::DOID:3070,0,16,11,294,4
Compound::DB00585,Disease::DOID:1094,0,183,1,95,15
Compound::DB06715,Disease::DOID:10976,0,123,0,37,4
Compound::DB00917,Disease::DOID:9352,0,134,5,328,30
Compound::DB01352,Disease::DOID:3393,0,19,3,595,40
Compound::DB01366,Disease::DOID:10021,0,83,2,45,4
Compound::DB00684,Disease::DOID:219,0,186,1,621,12
Compound::DB00289,Disease::DOID:14004,0,207,17,60,2
Compound::DB00410,Disease::DOID:90,0,47,1,28,0
Compound::DB00813,Disease::DOID:10871,0,561,8,95,1
Compound::DB01016,Disease::DOID:2998,0,176,11,60,24
Compound::DB01242,Disease::DOID:10608,0,468,16,94,2
Compound::DB00536,Disease::DOID:14221,0,106,1,130,5
Compound::DB01192,Disease::DOID:7147,0,122,9,246,19
Compound::DB00158,Disease::DOID:2377,0,48,1,283,34
Compound::DB01207,Disease::DOID:119,0,2,3,24,15
Compound::DB01397,Disease::DOID:13378,0,73,9,47,2
Compound::DB01264,Disease::DOID:10763,0,280,3,699,73
Compound::DB06614,Disease::DOID:0050741,0,0,1,438,6
Compound::DB00556,Disease::DOID:1612,0,144,2,1115,44
Compound::DB00498,Disease::DOID:1686,0,7,22,178,25
Compound::DB08974,Disease::DOID:3312,0,34,0,164,23
Compound::DB01593,Disease::DOID:3312,0,3,0,164,23
Compound::DB06144,Disease::DOID:11714,0,35,3,46,1
Compound::DB08819,Disease::DOID:4989,0,48,3,150,8
Compound::DB00693,Disease::DOID:12361,0,97,1,74,2
Compound::DB01113,Disease::DOID:216,0,49,3,44,0
Compound::DB01194,Disease::DOID:9296,0,208,1,117,0
Compound::DB00772,Disease::DOID:11054,0,8,0,169,18
Compound::DB01397,Disease::DOID:10021,0,73,9,45,4
Compound::DB00547,Disease::DOID:1964,0,120,17,27,2
Compound::DB01196,Disease::DOID:1192,0,73,12,207,23
Compound::DB00147,Disease::DOID:2377,0,2,0,283,34
Compound::DB01428,Disease::DOID:3121,0,20,3,42,4
Compound::DB00884,Disease::DOID:1319,0,167,7,272,12
Compound::DB00244,Disease::DOID:2531,0,444,8,1076,53
Compound::DB04843,Disease::DOID:12185,0,60,12,58,1
Compound::DB00627,Disease::DOID:12306,0,194,3,65,8
Compound::DB00959,Disease::DOID:12995,0,260,26,25,8
Compound::DB00327,Disease::DOID:1312,0,329,5,58,3
Compound::DB00412,Disease::DOID:14330,0,143,7,765,30
Compound::DB00581,Disease::DOID:9008,0,24,6,558,15
Compound::DB08933,Disease::DOID:3121,0,6,1,42,4
Compound::DB00660,Disease::DOID:3312,0,34,1,164,23
Compound::DB00515,Disease::DOID:0050742,0,202,1,535,5
Compound::DB06699,Disease::DOID:2998,0,122,3,60,24
Compound::DB00663,Disease::DOID:5612,0,14,18,63,7
Compound::DB01319,Disease::DOID:0060073,0,74,0,9,9
Compound::DB01587,Disease::DOID:175,0,12,11,55,15
Compound::DB00334,Disease::DOID:175,0,58,2,55,15
Compound::DB00960,Disease::DOID:1459,0,193,6,104,5
Compound::DB00267,Disease::DOID:2531,0,13,13,1076,53
Compound::DB08822,Disease::DOID:8778,0,22,7,677,9
Compound::DB06715,Disease::DOID:1790,0,123,0,42,3
Compound::DB00787,Disease::DOID:13241,0,261,3,102,0
Compound::DB00949,Disease::DOID:7147,0,266,5,246,19
Compound::DB01431,Disease::DOID:11612,0,11,2,733,10
Compound::DB00664,Disease::DOID:3083,0,1,17,619,16
Compound::DB00181,Disease::DOID:0050425,0,240,4,49,16
Compound::DB00905,Disease::DOID:10941,0,129,8,123,1
Compound::DB01332,Disease::DOID:8986,0,52,11,64,5
Compound::DB02187,Disease::DOID:4606,0,12,4,71,0
Compound::DB00140,Disease::DOID:11054,0,13,0,169,18
Compound::DB06702,Disease::DOID:784,0,86,2,219,12
Compound::DB00154,Disease::DOID:594,0,42,2,49,21
Compound::DB00788,Disease::DOID:2596,0,390,3,39,3
Compound::DB00712,Disease::DOID:5099,0,292,15,1,0
Compound::DB00678,Disease::DOID:2994,0,222,5,324,13
Compound::DB00816,Disease::DOID:5408,0,71,3,70,6
Compound::DB08965,Disease::DOID:10871,0,0,0,95,1
Compound::DB00707,Disease::DOID:2531,0,3,2,1076,53
Compound::DB09015,Disease::DOID:1790,0,51,17,42,3
Compound::DB00815,Disease::DOID:5408,0,113,1,70,6
Compound::DB00786,Disease::DOID:0050156,0,24,0,531,2
Compound::DB00606,Disease::DOID:3393,0,6,9,595,40
Compound::DB08881,Disease::DOID:0060073,0,544,4,9,9
Compound::DB08877,Disease::DOID:3571,0,229,1,234,12
Compound::DB00952,Disease::DOID:2986,0,213,5,966,0
Compound::DB05245,Disease::DOID:10652,0,4,14,763,9
Compound::DB01070,Disease::DOID:9008,0,6,2,558,15
Compound::DB00794,Disease::DOID:90,0,69,6,28,0
Compound::DB01142,Disease::DOID:11555,0,331,8,22,0
Compound::DB00448,Disease::DOID:11555,0,452,6,22,0
Compound::DB00391,Disease::DOID:9744,0,20,0,209,5
Compound::DB00137,Disease::DOID:824,0,1,0,168,1
Compound::DB01220,Disease::DOID:11239,0,146,4,29,0
Compound::DB01482,Disease::DOID:1459,0,27,0,104,5
Compound::DB01406,Disease::DOID:2998,0,283,20,60,24
Compound::DB00936,Disease::DOID:263,0,67,12,777,21
Compound::DB01412,Disease::DOID:13241,0,12,5,102,0
Compound::DB00154,Disease::DOID:4606,0,42,2,71,0
Compound::DB01174,Disease::DOID:11119,0,116,12,54,9
Compound::DB06738,Disease::DOID:7147,0,11,0,246,19
Compound::DB06804,Disease::DOID:11239,0,85,1,29,0
Compound::DB06775,Disease::DOID:14221,0,36,10,130,5
Compound::DB01196,Disease::DOID:1790,0,73,12,42,3
Compound::DB00627,Disease::DOID:10763,0,194,3,699,73
Compound::DB00586,Disease::DOID:9352,0,456,5,328,30
Compound::DB01339,Disease::DOID:12995,0,52,3,25,8
Compound::DB00940,Disease::DOID:4989,0,7,2,150,8
Compound::DB01348,Disease::DOID:3312,0,6,9,164,23
Compound::DB06155,Disease::DOID:3393,0,91,0,595,40
Compound::DB08860,Disease::DOID:11054,0,510,2,169,18
Compound::DB00609,Disease::DOID:1790,0,53,0,42,3
Compound::DB01032,Disease::DOID:1094,0,70,4,95,15
Compound::DB01123,Disease::DOID:5559,0,1,0,62,7
Compound::DB00470,Disease::DOID:2043,0,71,1,96,5
Compound::DB00607,Disease::DOID:14227,0,70,18,544,1
Compound::DB00576,Disease::DOID:594,0,39,0,49,21
Compound::DB00330,Disease::DOID:11949,0,66,0,52,1
Compound::DB00951,Disease::DOID:11054,0,63,0,169,18
Compound::DB01259,Disease::DOID:3083,0,110,1,619,16
Compound::DB01189,Disease::DOID:12185,0,160,1,58,1
Compound::DB00536,Disease::DOID:4989,0,106,1,150,8
Compound::DB06777,Disease::DOID:1595,0,240,3,114,19
Compound::DB00683,Disease::DOID:219,0,245,3,621,12
Compound::DB01148,Disease::DOID:0050742,0,38,2,535,5
Compound::DB01167,Disease::DOID:2841,0,247,4,277,41
Compound::DB08834,Disease::DOID:13223,0,4,0,450,20
Compound::DB00832,Disease::DOID:9206,0,24,1,539,2
Compound::DB01400,Disease::DOID:0050425,0,95,1,49,16
Compound::DB01166,Disease::DOID:9352,0,218,0,328,30
Compound::DB00452,Disease::DOID:11949,0,29,3,52,1
Compound::DB00713,Disease::DOID:3277,0,63,14,61,6
Compound::DB00587,Disease::DOID:9206,0,4,0,539,2
Compound::DB01331,Disease::DOID:9352,0,71,5,328,30
Compound::DB00748,Disease::DOID:2986,0,115,1,966,0
Compound::DB01421,Disease::DOID:219,0,16,6,621,12
Compound::DB00214,Disease::DOID:216,0,73,1,44,0
Compound::DB00835,Disease::DOID:1324,0,31,4,713,23
Compound::DB08934,Disease::DOID:11239,0,66,2,29,0
Compound::DB00836,Disease::DOID:10021,0,148,6,45,4
Compound::DB00725,Disease::DOID:10941,0,14,3,123,1
Compound::DB01041,Disease::DOID:11920,0,435,4,18,11
Compound::DB04843,Disease::DOID:1312,0,60,12,58,3
Compound::DB00190,Disease::DOID:5559,0,195,3,62,7
Compound::DB00381,Disease::DOID:9744,0,275,6,209,5
Compound::DB00515,Disease::DOID:11920,0,202,1,18,11
Compound::DB01029,Disease::DOID:3393,0,268,4,595,40
Compound::DB01140,Disease::DOID:184,0,89,7,255,6
Compound::DB00287,Disease::DOID:3070,0,190,4,294,4
Compound::DB08995,Disease::DOID:12236,0,7,0,101,7
Compound::DB01106,Disease::DOID:5041,0,29,0,227,9
Compound::DB00152,Disease::DOID:13189,0,27,0,44,11
Compound::DB00724,Disease::DOID:14221,0,277,2,130,5
Compound::DB01332,Disease::DOID:2994,0,52,11,324,13
Compound::DB01091,Disease::DOID:11054,0,25,1,169,18
Compound::DB00758,Disease::DOID:219,0,351,2,621,12
Compound::DB00645,Disease::DOID:7693,0,3,7,581,1
Compound::DB01289,Disease::DOID:2377,0,5,7,283,34
Compound::DB00226,Disease::DOID:418,0,2,0,614,32
Compound::DB08604,Disease::DOID:9296,0,124,4,117,0
Compound::DB00146,Disease::DOID:5099,0,10,6,1,0
Compound::DB08806,Disease::DOID:0050425,0,11,2,49,16
Compound::DB00929,Disease::DOID:594,0,128,3,49,21
Compound::DB01146,Disease::DOID:363,0,44,5,144,15
Compound::DB01428,Disease::DOID:2355,0,20,3,367,0
Compound::DB00977,Disease::DOID:8577,0,192,1,666,24
Compound::DB00422,Disease::DOID:1324,0,341,5,713,23
Compound::DB08991,Disease::DOID:9074,0,2,0,227,28
Compound::DB00483,Disease::DOID:14221,0,93,0,130,5
Compound::DB00593,Disease::DOID:4362,0,84,2,89,1
Compound::DB00948,Disease::DOID:9074,0,0,24,227,28
